,confidence,true data
0,0.18636855629291768,610.92
1,0.21546703008184862,608.82
2,0.17717942505269202,610.38
3,0.2062277960577288,609.11
4,0.21650149996731766,607.04
5,0.1447097768550269,611.58
6,0.20609616933267527,610.19
7,0.21058197589183558,608.66
8,0.3027644367736834,598.88
9,0.2150833252207866,597.42
10,0.23136156124479174,594.08
11,0.08670684508407396,603.88
12,0.21230228083301966,601.74
13,0.22496835763272932,598.98
14,0.11778643262840756,605.96
15,0.1930176388739932,605.67
16,0.21335147350941122,603.85
17,0.13346920001745452,609.39
18,0.13170491002753854,614.82
19,0.21051873419435102,612.98
20,0.20637631927002484,611.85
21,0.21807508774268247,609.62
22,0.22106978095971214,607.18
23,0.1410194539787487,612.08
24,0.13545350745973764,617.21
25,0.2174277964871102,614.74
26,0.1845426634444796,615.65
27,0.17227678794854456,617.54
28,0.22219293897523373,614.77
29,-0.01797021476616831,635.01
30,0.175596772891292,635.96
31,0.21303642059718667,634.02
32,0.1531209052526294,637.94
33,0.15518288936298774,641.42
34,0.21702160631772385,638.97
35,0.22242236220262326,636.29
36,0.2690622706855184,629.25
37,0.21312900492503117,627.72
38,0.14958401113342426,631.92
39,-0.048107875499938564,655.48
40,0.207504273194749,653.25
41,0.21324210011825248,651.39
42,0.15414842441068646,655.31
43,0.23078601179607333,651.45
44,-0.10576761389832134,682.22
45,0.1311892171133376,687.68
46,0.20796449072654674,685.91
47,0.07847190124936232,698.0
48,0.1505335053804481,702.0
49,0.2390830422487203,697.01
50,-0.13492359713047752,733.33
51,0.6381427911814119,686.17
52,0.24855647165822606,683.69
53,-0.00532394637218777,704.79
54,0.11864923436468572,712.0
55,0.20931301272662622,709.96
56,0.20333309870017455,708.97
57,0.08298796103144465,720.93
58,0.18332430499450209,721.5
59,0.24920701800217343,715.45
60,0.3072030875902718,703.71
61,0.21249690003063532,702.28
62,0.15432330999731625,706.46
63,0.14968298330657714,710.91
64,0.18358749579130118,711.73
65,-0.03531515804117636,736.96
66,0.09146661822002283,747.52
67,0.17620287736561455,748.98
68,0.37452463418550647,729.06
69,0.11737187668863865,738.53
70,0.20357568713481417,736.97
71,0.1519008212840397,741.63
72,0.22898627391282886,737.45
73,0.211358109973623,735.64
74,0.21179325012072547,733.67
75,0.24624888823198562,727.96
76,0.20164832663816779,727.31
77,0.144284567646415,732.71
78,0.10151383618984271,742.69
79,0.19508090374997933,742.05
80,-0.06871460770293411,772.43
81,0.25463465464896196,764.33
82,0.2085470219147528,762.97
83,0.26734028941441695,754.63
84,0.17925906483271803,756.62
85,0.17151607940115646,758.99
86,0.09932582086924761,769.72
87,0.1866309323007938,770.02
88,0.20113601311007082,769.08
89,0.12556767432394947,777.0
90,0.19018482318664437,777.0
91,0.18464275210874118,777.99
92,0.21937462638149935,774.89
93,0.17843405728840656,776.75
94,0.19985379213883042,775.88
95,0.08513999603867037,788.7
96,0.19118754832394494,788.4
97,0.19095420630735643,788.67
98,0.15587725279284534,793.09
99,-0.05992282524955408,824.21
100,0.09921520517454112,834.97
101,-0.30001980585163435,901.31
102,0.25476972156656547,891.61
103,0.1893522962848449,892.6
104,0.15765855842866547,897.33
105,-0.044903317927659,930.37
106,0.18515668632051072,930.34
107,-0.03539603145742261,963.38
108,0.26332544353083276,952.15
109,0.15548106865488995,958.12
110,-0.07295298099035652,997.72
111,0.06535069568394837,1015.97
112,0.20497661608556042,1013.42
113,-0.47659427408673616,1126.76
114,1.059918964241051,994.67
115,0.2344077850896238,999.65
116,0.954976823587207,896.83
117,0.1698719092275616,908.14
118,0.17242421616749098,910.49
119,0.22496607342419508,906.05
120,1.220796073361842,785.22
121,0.3235525509249736,780.92
122,-0.17128020508815875,826.29
123,0.2507691801837879,817.91
124,0.18316952298617117,819.55
125,0.10467363671218628,830.5
126,-0.3502038159942137,903.84
127,0.16344153668074135,906.6
128,0.2724997537415721,895.798875
129,0.2134436887011168,893.6210875
130,0.17886217470540225,895.64
131,0.025916082610432798,918.603625
132,0.16176658323033163,922.0736125
133,0.20720195515472165,919.97
134,0.3947959949265932,893.045625
135,0.03695151429707586,915.95625
136,0.19332594958629562,915.05
137,0.15531628359607383,920.31225
138,0.22324032482817593,915.933
139,0.22201477979748446,912.19
140,-0.16852784294929057,964.706075
141,0.0818117799287484,979.703875
142,0.16376161040617215,983.42
143,-0.002654503113063404,1013.0269999999999
144,0.07029710739863418,1030.999413
145,0.1686482500122089,1034.07
146,0.2576234687556252,1024.01375
147,0.030540040313715475,1050.11
148,0.16956899341790888,1052.84
149,0.7159544548221137,976.1030000000001
150,0.07461201356796715,999.1035
151,0.1972283432517883,997.59
152,0.17350971322513054,1000.604625
153,0.19704487483059888,999.877375
154,0.18454044237062797,1001.2
155,0.11949463169809861,1012.325988
156,0.042933368627741886,1035.208125
157,0.18739302121276052,1035.2
158,0.057936131447179066,1056.637138
159,0.21207482344230083,1052.779286
160,0.2063981761482083,1050.87
161,-0.23878283997659358,1123.788429
162,0.18608797042170871,1123.2231880000002
163,0.15325344488788178,1130.01
164,-0.06283496466191324,1174.86625
165,0.324299604541147,1150.605714
166,0.2019830568825552,1150.37
167,-0.03279988138181784,1190.75195
168,0.20297396052503122,1187.565286
169,0.17535543020682115,1190.89
170,-0.17010662105532262,1259.410817
171,0.05064923833053948,1285.14
172,0.17818729163510272,1287.0
173,0.27688467208311074,1270.9333
174,0.17505487834920105,1275.197375
175,0.16970413868329146,1279.5
176,0.8947206033791221,1157.3933
177,0.048334400676551266,1192.469143
178,0.18803676177620238,1192.09
179,0.26628071800663033,1179.159875
180,-0.06604197749214673,1227.494625
181,0.18340874000606733,1227.68
182,0.09841434408552265,1245.370786
183,0.1255452434750087,1257.399625
184,0.1924617174787365,1257.0
185,1.2058856208534876,1091.171888
186,1.2831843288908404,952.2323625
187,0.16985444161169133,967.69
188,-0.3270312147479983,1049.0844880000002
189,-0.2267570836030365,1118.630043
190,0.21620246913677546,1113.0
191,0.6711322183751839,1038.789
192,0.919113449775404,941.9197142999999
193,0.34826421944927455,927.93
194,-0.0031429578563951263,956.7863125
195,-0.32872188569371635,1037.22925
196,0.15907584731470945,1041.04
197,0.19497727682094565,1040.5755
198,0.21040614225223375,1037.90455
199,0.21431408721994033,1034.74
200,-0.1260026532982339,1086.9295710000001
201,0.10978352605687251,1099.169125
202,0.3080645445936531,1079.99
203,-0.161289464906966,1141.600363
204,0.23279543129368155,1133.079314
205,0.19292053480748833,1133.53
206,-0.12560864283165246,1190.45425
207,0.2356325739524954,1181.149838
208,0.1794657134144935,1184.03
209,0.06158221244090043,1207.744875
210,0.08565586171866724,1226.617038
211,0.22991334004968667,1219.09
212,0.41591857852189196,1180.023713
213,0.17612038560024526,1185.260057
214,0.2765600721022217,1170.36
215,0.10422223431932474,1186.9274130000001
216,0.08604178707917713,1205.634875
217,0.35074432720940507,1176.97
218,-0.023006489840617976,1217.930088
219,0.058360697244368154,1241.686325
220,0.21515770970702827,1236.63
221,0.06395569735011833,1261.311225
222,0.20544081834806543,1257.988113
223,0.2860677713143535,1240.84
224,-0.003509680706745077,1279.414688
225,0.035313084298166986,1309.109875
226,0.2959635310929786,1288.02
227,-0.018367101685603435,1331.2944289999998
228,0.1671027343029746,1334.9790380000002
229,0.20216563131568097,1333.0
230,-0.20226449833290008,1417.1728130000001
231,0.023980040470209404,1452.076288
232,0.20770637978402645,1447.55
233,-0.07436125763602713,1508.292125
234,0.07609516269974154,1533.3350710000002
235,0.25247114648244945,1518.75
236,0.1219215251128545,1535.8684289999999
237,-0.23479762019083464,1640.619225
238,0.14083768350371925,1651.1
239,-0.23088465310818462,1762.88625
240,-0.027997224290425133,1820.9905629999998
241,0.1564581770888307,1829.0
242,0.40630668506965884,1771.920013
243,0.18872983423421727,1776.3165
244,0.1785791338660387,1780.0
245,0.34940757063925837,1739.031975
246,-0.05166191343940713,1807.4850629999999
247,0.2719215541865321,1783.98
248,-0.4067470180749085,1961.520488
249,-0.10854296796333081,2052.909788
250,0.3290726164393779,2008.84
251,-0.06071711500159829,2090.662313
252,-0.38628648663878673,2287.7102879999998
253,0.2756878750394655,2256.32
254,-0.16826723951845365,2387.206286
255,0.7068555103820392,2211.976857
256,0.02950514070101633,2279.82
257,0.44858414030354693,2192.9808
258,-0.03568480309247086,2275.9307
259,0.14402400819827652,2290.02
260,0.20319014307165964,2285.933914
261,-0.12108661821737242,2399.242671
262,0.15419113095113426,2409.93
263,-0.11359911287859882,2525.7651579999997
264,0.20891217395595188,2516.173143
265,0.15913013439659981,2529.53
266,-0.6253890500241734,2883.313697
267,0.7302356191735448,2664.920863
268,0.18654176162574113,2683.03
269,-0.1489718839108203,2827.4913
270,0.14166659186620634,2845.372857
271,0.06894324419397752,2898.63
272,0.790642417363192,2657.6750629999997
273,0.014908675444913361,2748.185086
274,0.2887192103143888,2706.0
275,0.9191185069423063,2442.48025
276,0.18768491279794944,2464.9598140000003
277,0.15561592990403014,2477.94
278,0.1133542622495778,2507.389252
279,-0.08933101978958263,2617.210263
280,0.22794287053039416,2600.0
281,0.017860327268253755,2671.04325
282,0.04955704085839659,2727.288013
283,0.22146950897829723,2713.48
284,0.5149216594540532,2589.164888
285,0.4180896955973193,2512.366286
286,0.23224182819668085,2502.03
287,0.15240640769252817,2517.903114
288,0.017584088252231258,2585.349186
289,0.25672578509118366,2558.3
290,0.4139098482621192,2477.641375
291,0.14239927818046985,2501.191343
292,0.4100456546424058,2421.26
293,-0.16037323136117962,2561.225429
294,0.08508648156551324,2599.7298379999997
295,0.19115017177811638,2598.89
296,0.16493289044026785,2609.96775
297,0.509299512237238,2491.201214
298,0.1813795056001326,2502.86
299,0.10408780719510398,2536.238938
300,0.6673963992086848,2366.170143
301,0.3392170034236025,2327.09
302,0.03467494569505833,2385.748571
303,0.2741402617693662,2354.783417
304,0.24409115562826783,2338.49
305,1.1008385573592812,2058.9956
306,0.7223287665295697,1931.2143
307,0.2940254541846332,1910.96
308,-0.9803507069089294,2320.12225
309,0.3799239990829361,2264.7657
310,0.20066531006750998,2265.21
311,-0.8428032980655267,2682.195363
312,-0.08566433551568158,2807.609857
313,0.14185093278456684,2825.51
314,0.3694933792325359,2751.8210289999997
315,0.7015360059961203,2560.997917
316,0.218856367201011,2564.3
317,-0.016937672297673737,2647.625
318,-0.13398065734473555,2781.636583
319,0.17595069109739253,2784.8
320,0.28700663598421255,2745.955417
321,-0.08272796421087393,2866.4316670000003
322,0.19224993732818024,2862.9
323,0.612298062977363,2693.6339829999997
324,-0.021365628610439783,2794.117717
325,0.1946528161401747,2790.0
326,-0.693046858312756,3218.115017
327,0.1266198427913273,3252.562533
328,0.2778664849949858,3210.2
329,-0.27974446120368607,3457.3743329999998
330,0.37954789218910984,3357.326317
331,0.2384102086372361,3340.28
332,-0.341699982625805,3632.506667
333,-0.1934979094531114,3852.802914
334,0.15605962773706955,3868.52
335,-0.4525266634436184,4282.992
336,0.2885455960264281,4217.028329
337,0.2577161178150216,4179.97
338,-0.033250998664329755,4328.725717
339,0.503408454297767,4130.440067
340,0.254919114594927,4104.71
341,0.10973382682625242,4157.958033
342,0.3773811730712125,4043.722
343,0.3000246632518879,3986.28
344,-0.10375407566675676,4174.95
345,-0.06850824863953524,4340.316717000001
346,0.19765090942967778,4331.77
347,0.14980224842048534,4360.513317
348,0.20065053886266915,4354.308333
349,0.21699885894367427,4339.05
350,-0.19485726451679353,4607.98545
351,0.20157113879615735,4594.98785
352,0.21214869641815384,4582.52
353,-0.25282344681627117,4911.740017
354,0.6604412047162352,4580.387479999999
355,0.21862183196845134,4585.57
356,0.5630898152063464,4344.098317
357,0.00013260419555107358,4488.720139999999
358,0.34229347404575916,4385.02
359,-0.18577397699981013,4654.6585
360,0.7102255999660444,4310.750183
361,0.22841772185047599,4312.26
362,0.16577685436895376,4329.955
363,0.32021327657980286,4248.090017
364,0.27869470994119044,4198.59
365,0.5969923391011626,3961.271267
366,1.519697449105837,3319.63
367,0.5432957152715874,3216.43
368,-0.7684402303569549,3763.6260399999996
369,0.23233262025862791,3746.060783
370,0.31702516026993177,3678.53
371,-0.2493120084288098,3943.413333
372,0.12610021379280134,3977.5616670000004
373,0.33257886099960887,3894.48
374,0.6730208845755606,3637.50255
375,-0.022700057061103455,3776.3869
376,0.1825870226708503,3777.62
377,-0.08572720746737614,3942.555
378,0.23872958691293064,3910.307383
379,0.2461941769543955,3881.0
380,-0.3139999175643277,4201.98905
381,0.1963818119669514,4193.574667
382,0.24064867193566059,4164.27
383,-0.10509333982111517,4360.722967000001
384,0.14427543633123704,4386.88375
385,0.1804553954849014,4394.07
386,0.45890081654270093,4225.175
387,0.033190847927448634,4338.852
388,0.2176795526851634,4318.58
389,0.1068371349963537,4376.191667
390,-0.137282044911783,4602.280882999999
391,0.1785472232838975,4605.66
392,-0.053173601205572435,4782.28
393,0.13357172059751315,4819.485767
394,0.1871434811515354,4822.17
395,-0.6951638167281263,5563.8065670000005
396,-0.004505856649502342,5739.438733
397,0.08716834989314119,5825.99
398,0.32261746720283263,5711.205867000001
399,0.3284454222019674,5603.712939999999
400,0.21067282724720285,5594.66
401,0.03889211942710101,5727.6335
402,-0.09255797807045398,5979.4598399999995
403,0.17635113086037793,5986.44
404,0.19638173854126584,5983.18455
405,0.31475155044622377,5876.079867
406,0.17173233644371633,5900.59
407,0.4631431737811974,5669.622533
408,-0.0451288332853611,5893.138417
409,0.18833104838495549,5889.82
410,0.3237852086517018,5776.69695
411,-0.21121425246189038,6155.434020000001
412,0.20319715159260632,6136.49
413,-0.06901957177515228,6388.645167000001
414,-0.09062337142801667,6665.306683
415,0.0991186505285043,6751.98
416,-0.22235777833989634,7197.72006
417,-0.03024120477988532,7437.543317000001
418,0.24987746268892475,7365.99
419,0.5562109468684108,6989.071667
420,0.11821946123851126,7092.127233
421,0.15502190686296832,7128.64
422,0.164239536883869,7158.03706
423,0.6265821084825984,6719.39785
424,0.37609952166561905,6569.22
425,1.1990915721597626,5716.3015829999995
426,-0.589291552286695,6550.227533
427,0.25108690376570597,6493.63
428,-0.542184916841284,7301.4299200000005
429,-0.24324197131666558,7815.0307
430,0.1376681333758406,7868.77
431,0.23506330451686722,7817.140383
432,0.03657368648327014,8007.654067
433,0.15229832388298895,8049.72
434,0.1832275100473041,8059.8
435,0.02494968419284229,8268.035
436,0.21195738811212575,8236.72
437,0.1828056257524965,8250.978333
438,-0.15659822894631664,8707.407267
439,0.13684765954964628,8768.8
440,-0.4592769258540073,9718.29505
441,0.030923514568407605,9952.508820000001
442,0.2094750976938078,9919.0
443,0.04415066372004047,10147.372
444,-0.26217390992871903,10883.912
445,0.1852466533375486,10879.88
446,-0.0729784865751006,11332.622
447,0.04009772124059353,11584.83
448,0.183755311886177,11591.22
449,-0.7664084247921408,13540.98
450,-0.9749837805016395,16501.97167
451,0.08306580545757299,16860.88
452,0.9411384411143917,15142.83415
453,0.3784019966546163,14869.805
454,0.11122758678300251,15068.95
455,-0.6603058394878702,17276.393330000003
456,0.37676783597143243,16808.36667
457,0.4323834797268637,16252.31
458,-0.3666266892735575,17771.9
459,-0.39952988962583996,19498.68333
460,0.2590715305836697,19279.9
461,0.30887001953324783,18961.856669999997
462,0.6602224712812294,17737.11167
463,0.36161381532730963,17382.94
464,0.7565835557278634,16047.51
465,0.6139162742502394,15190.945
466,0.9075525108706837,13776.61
467,0.1620123179291967,13949.175
468,0.10960673412837875,14119.028330000001
469,0.3727155704549414,13740.94
470,-0.5901938377355288,15589.32167
471,0.7429214345960977,14380.58167
472,0.31265277732635477,14214.01
473,0.7013629794858723,13215.573999999999
474,-0.22434495072668906,14165.575
475,0.3596576871819194,13796.0
476,-0.33653188809864587,15005.85667
477,0.16270177472201378,15053.261669999998
478,0.19837102801535283,15039.24
479,-0.6350009120967406,17174.12
480,0.1378332019600082,17319.198
481,0.2540013928060219,17155.95
482,1.0224326181365682,15265.906669999998
483,0.516654971695145,14714.253330000001
484,0.3362439651123457,14437.42
485,0.7731426002049249,13296.794
486,-0.06477708683614863,13912.882
487,0.24227185056864367,13791.19
488,0.16628801738865767,13852.92
489,0.11608738461149781,14012.196000000002
490,0.4146675560363764,13554.14
491,1.6746408305298925,11116.946670000001
492,0.2077762602064816,11345.42333
493,0.28918696130845556,11174.82
494,-0.7175486880483996,12950.79333
495,1.0216353337047834,11505.228000000001
496,0.25797087167526017,11513.42
497,0.3652640085929091,11223.063999999998
498,0.16747174713954874,11282.25833
499,0.12739505843246018,11392.03
500,0.446415953198721,10969.815
501,-0.11465696891312252,11524.776670000001
502,0.2375518030218849,11431.37
503,0.3259343941788649,11212.655
504,0.8750173648428967,10184.061670000001
505,0.3130040015093816,10082.52
506,0.9306248734327888,9083.258333
507,0.38946355785942216,8901.901667
508,0.2374562837436175,8852.73
509,0.5537928046566852,8400.648333
510,1.7509006105545417,6838.816667
511,0.2700880194477312,6925.46
512,-0.7747885294857433,8099.958333
513,0.08962603744621601,8240.536667
514,0.18480148464395946,8245.08
515,0.13304806886167175,8319.876565999999
516,0.17170167215125165,8343.455
517,0.41963790402939616,8068.02
518,-0.20660308635177801,8597.7675
519,-0.3387522543835402,9334.633333
520,0.08795429539746952,9471.64
521,-0.24129002608772585,10127.16167
522,-0.2526657291675215,10841.99167
523,0.03752105257590804,11085.83
524,0.17234527955479192,11110.965
525,0.029021094920757315,11390.39167
526,0.27210298763764457,11245.98
527,1.0814418852154113,9931.071667
528,0.11305198879659425,10162.11667
529,0.18121438214757882,10171.3
530,0.5190018799953402,9696.593333
531,-0.20983781234356016,10348.60333
532,0.2014305177225212,10319.46
533,0.16141421964462013,10370.165
534,-0.1949400879477075,11009.38167
535,0.2301983437667327,10931.12
536,-0.037654468287896016,11326.94833
537,0.1251422207143315,11430.18167
538,0.14043122501669525,11516.83
539,0.6569349174044317,10763.19833
540,0.6546734140596143,10118.058
541,0.35536994267929317,9920.46
542,0.8113659650026044,9089.278333
543,0.5038661833035217,8746.002
544,0.1845791339920448,8777.37
545,-0.10202331994502312,9182.843333
546,0.20420105136209044,9154.7
547,0.19493538838602123,9153.54
548,0.8272872873320702,8358.121667
549,0.10398432916493515,8530.402
550,0.3739056317617949,8297.89
551,0.307072749744654,8171.415
552,0.007383786711638758,8412.033333
553,0.036790310248820735,8605.64
554,-0.06666788757321442,8947.753333
555,0.3807975554421854,8690.408333
556,0.17733683916980506,8725.37
557,0.24033431352767914,8662.378333
558,0.23038908717507547,8617.296667
559,0.32042857312192974,8457.96
560,0.6933390592317923,7876.195
561,0.15581797382171841,7960.38
562,0.1982523211580784,7950.61
563,1.2277404607803422,6882.531667
564,0.23464226124720228,6935.48
565,0.1888807685784908,6937.56
566,0.09994726707778293,7035.848333
567,-0.1469051828104054,7410.435
568,0.16898660538337587,7426.48
569,0.7778832869665503,6826.51
570,0.46392120046682944,6603.876667
571,0.17488716194134615,6634.68
572,-0.17165487513059516,7017.656667
573,0.4972959836262585,6699.273333
574,0.12832315090819263,6784.41
575,0.05335560371592182,6926.266667
576,-0.5924209742643716,7847.845
577,0.11314938998386138,7941.46
578,0.11110087284955225,8036.511051
579,-0.052864855456641345,8340.748333
580,0.16313501042412967,8368.1
581,0.5908392542202086,7895.416926000001
582,-0.0030203224763602834,8164.937426
583,0.17638250958527268,8175.96
584,-0.31657706142452546,8852.718333
585,0.21723378525344716,8807.205
586,0.10264314879276425,8930.6
587,0.18682159585471975,8933.861667000001
588,-0.24047587573707307,9555.542
589,0.11264065671953358,9658.11
590,0.47728777909804376,9258.398333
591,0.39514780709712755,9010.32
592,0.26456012967453607,8928.55
593,-0.09389777097092551,9334.281667
594,0.2373555034926063,9259.57
595,0.21021246102106997,9239.55
596,0.20689976652634895,9221.426
597,-0.09518940278561727,9639.268333
598,0.10648284252941652,9753.35
599,0.15589115664325948,9803.306667
600,0.3113159253858538,9630.136277
601,0.19848637387820017,9631.44
602,0.4839215979019872,9228.608333
603,0.14340317731402016,9322.041667
604,0.19856641013204931,9310.37
605,0.8557834728196942,8468.788
606,0.23119298909172795,8484.346667
607,0.20894660569436077,8463.52
608,0.04865710368913357,8652.038333
609,0.29711626135987895,8511.458
610,0.23068793506056767,8471.06
611,0.4948506312783214,8106.118332999999
612,0.10223830479320802,8240.055
613,0.18944401179719852,8239.08
614,-0.017010417660640372,8507.406667
615,0.2819428701833667,8385.556187
616,0.18926964581417383,8396.63
617,0.9341245669444238,7555.74
618,0.24268332154742867,7566.193333
619,0.18338283608290912,7576.78
620,0.40486490849554313,7342.908332999999
621,0.18793456584631182,7361.831667
622,0.20799659799956427,7344.56
623,0.09081233711014022,7459.876667
624,0.255887981744427,7385.395
625,0.1952717783445204,7386.72
626,0.061816771661693776,7535.146667
627,0.09226821783539745,7645.146667
628,0.1960763082624118,7637.14
629,0.31505243661861615,7500.273333
630,0.09820004002810696,7615.7221420000005
631,0.1856825186645425,7619.43
632,0.14363068259846076,7676.271667
633,0.23995673508757048,7620.153333
634,0.1995647097742032,7615.54
635,1.017964072560403,6776.888333
636,0.16353689224364493,6875.678333
637,0.18560019248336704,6879.31
638,0.7875270641688411,6315.7
639,-0.100344815080781,6647.013333
640,0.1929062254989836,6637.41
641,0.32460855567386204,6509.426667
642,0.2465913004074049,6464.411667
643,0.21465465785002008,6445.79
644,-0.09410951119153581,6737.0
645,0.20591712364930806,6714.718333
646,0.14869671140808582,6760.83
647,0.6412562421180509,6332.573333
648,0.43298089214556534,6141.605833
649,0.17350273000532715,6170.46
650,0.14777429829652902,6211.4475
651,0.18351071063024657,6218.595
652,0.32511657147161516,6097.46
653,0.1886990591685406,6107.896154
654,0.4171613128344153,5908.7025
655,-0.13262951414534013,6223.28
656,0.02607077940102629,6374.754167
657,0.0932307631866391,6466.069167000001
658,0.028242578728731937,6626.44
659,0.22029093861927518,6593.289167
660,0.18454418289729385,6603.376667
661,0.24128984669180362,6555.51
662,0.15628031266907638,6594.281667
663,0.03436142438522104,6753.559167
664,0.21619376101344015,6724.04
665,0.4129158496515295,6510.791667
666,0.3456842841292236,6377.363333
667,0.17359605882046975,6403.18
668,0.3612768804423342,6244.3575
669,0.2059907236870744,6241.0
670,0.18492637887374014,6248.84
671,-0.07883495491655558,6514.3908329999995
672,-0.15859256357343327,6869.910833
673,-0.22492484503659482,7321.62
674,0.11599060162793443,7396.401667
675,0.16186157997241793,7428.045
676,0.2763116131645152,7334.99
677,0.09320255628371833,7451.289167
678,-0.01745603722507571,7689.884167
679,0.16396884574378615,7715.1
680,-0.24056364061478797,8251.165
681,0.23426370138190075,8187.324167
682,0.4036359526222123,7939.81
683,0.006444901834720698,8182.251667
684,0.1664103514929117,8206.341667
685,0.18042318371262994,8220.91
686,0.44845743667952354,7916.800833
687,0.5144801815203458,7570.869167
688,0.1791600098287121,7607.7
689,0.3836412362057818,7394.499167
690,0.3393373601545388,7247.769167
691,0.4257344507824855,7011.28
692,0.22823488756860555,6988.079167
693,0.18898822723017394,6993.513333
694,0.46587347599385925,6718.23
695,0.5464005675385496,6396.7725
696,0.2142576437733829,6396.494667
697,0.4726521744742765,6138.96
698,0.02682738412387785,6311.131667000001
699,0.14873982633189964,6347.07
700,0.2925232281112989,6252.13
701,0.0822836233303462,6362.676923
702,0.20939798182328453,6342.629231
703,0.2256766136601384,6312.75
704,0.06620860557785176,6436.720832999999
705,0.2218480377252822,6404.063333
706,0.10992691343862483,6486.58
707,0.27817898114097384,6401.2461539999995
708,0.020955803837433482,6575.229167
709,0.416952701341563,6354.57
710,0.012848552258379567,6543.645714
711,0.012434404206879935,6719.429231
712,0.16796628139223282,6738.27
713,0.2110999180732335,6719.266154000001
714,-0.07336748574601745,7000.04
715,0.11116402929459589,7078.19
716,0.3295992030417819,6932.6625
717,0.1533890374246972,6981.946154
718,0.15610272881670717,7018.78
719,-0.018952938727355796,7247.935385
720,0.17365946852444433,7260.9492310000005
721,0.1887795569710004,7265.08
722,0.3353249612029449,7113.069231
723,0.9071754315902181,6433.271667
724,0.17711918971810367,6501.19
725,0.3312827990405069,6366.1075
726,0.2854015060588818,6286.425833
727,0.24601281341390174,6240.98
728,0.1368600970973869,6296.320833
729,0.21515049801360395,6273.1375
730,0.13854196964816054,6326.04
731,0.013502436584986085,6499.0625
732,0.1664888576877156,6518.655
733,0.18839149383722856,6522.39
734,0.3197154145480291,6400.6008329999995
735,0.31014054753795417,6296.631667000001
736,0.15062943879518936,6342.39
737,0.11200196771562383,6418.562667
738,-0.06098901160790174,6669.990833
739,0.10014275893626197,6756.12
740,0.23478787098510454,6710.445
741,0.26680549622356303,6639.304167
742,0.2533124244376351,6583.45
743,0.3143358240484764,6468.631667000001
744,0.13095938369540142,6535.476667
745,0.04031086968536844,6686.08
746,0.3247422412506538,6550.474167
747,0.1572048238459198,6593.135
748,0.17318970416449972,6611.02
749,0.24139317069093724,6562.641667
750,0.290617492593999,6470.4025
751,0.18424914801915782,6483.73
752,0.10647310454538479,6568.549167
753,0.17640608392542814,6581.486667
754,0.20048919830087364,6573.62
755,0.14823339229765994,6618.5676920000005
756,0.18794561125824422,6621.7116670000005
757,0.18780346836528922,6626.85
758,0.596139563148889,6248.635833
759,0.20667908854537007,6260.530833
760,0.20696457778913474,6247.0
761,0.1383547904556477,6299.3991670000005
762,0.032711286596438204,6452.571667
763,0.039495166422362935,6599.17
764,0.19023437855859043,6596.276154
765,0.22189218306741376,6568.040769
766,0.25433892945392994,6509.61
767,0.21744886413310152,6488.825833
768,0.15046974712367245,6531.601667
769,0.2186287982456767,6504.78
770,0.21845465273848969,6481.4259999999995
771,0.16672608354818044,6508.31
772,0.21089611121116353,6489.77
773,0.2105152657835469,6473.753333
774,0.20197706060333243,6465.9175
775,0.2024822883607604,6457.21
776,0.2713749815883623,6382.668333
777,0.2744925181979503,6309.452857
778,0.20532382798462384,6301.61
779,0.1507655285083806,6342.280833
780,0.14391223028466907,6387.674167
781,0.18816350108079716,6390.42
782,0.19146822309991665,6391.873333
783,0.14636670145132097,6436.965
784,0.19022449458498047,6437.76
785,0.09012588783435131,6538.79
786,0.24269639475101587,6486.251667
787,0.23850073738822206,6444.97
788,0.24307490064167914,6399.033332999999
789,0.21717850505509162,6378.268333
790,0.16266420030824022,6408.53
791,0.229806872284126,6372.063333
792,0.40650901414943064,6176.155
793,0.6929577476785592,5756.77
794,0.4200616490041909,5596.1925
795,0.2494708351678805,5558.243332999999
796,0.17834855112866463,5572.44
797,0.5295167438414542,5303.9425
798,1.1228964343438477,4671.97
799,0.5438262833208687,4491.98
800,0.1251632891191704,4548.7975
801,0.5591551598920694,4309.3375
802,0.1493377367546502,4352.98
803,1.1115444800299152,3823.511667
804,0.10398973763302152,3920.5366670000003
805,0.4094054510316998,3793.35
806,-0.30033019621985607,4103.453846
807,-0.06493567081147514,4263.783332999999
808,0.1614267150095558,4278.77
809,0.4541096906486991,4116.7775
810,0.12690350605946155,4167.5466670000005
811,0.23294464419005537,4140.6
812,0.49678488850546504,3961.493333
813,0.3908438482557491,3858.3491670000003
814,0.4054927563434478,3744.98
815,0.8715595867457756,3405.643333
816,0.1852198854052479,3435.34
817,0.15529694652895987,3453.66
818,0.058711823274091995,3523.96
819,0.37738995975763995,3426.19
820,0.2408417983064921,3407.28
821,0.19591629886690107,3406.7625
822,0.45411658613496253,3278.3741670000004
823,0.2828429369924662,3242.42
824,0.1380218345758159,3271.238333
825,-0.04712378561441863,3392.405
826,-0.12102554509128538,3556.54
827,-0.253562322453285,3808.0425
828,-0.10705384968678745,3982.850833
829,-0.06006836314041982,4135.19
830,0.5647351554727831,3910.973333
831,0.023141656754822118,4027.478333
832,0.23967416565021904,3995.17
833,0.5129000359241986,3813.88
834,0.19240136130365998,3825.379167
835,0.15269188881386733,3848.21
836,0.37682341669333774,3743.905
837,-0.08462690423962357,3912.285833
838,0.43326378745967475,3770.36
839,0.17032316092003966,3791.5458329999997
840,0.2611366267596534,3752.271667
841,0.0172718042163098,3855.88
842,0.16936091972413464,3865.7975
843,0.2675564252879065,3822.626667
844,0.13806705774359793,3856.62
845,0.08219798904755587,3920.4566670000004
846,-0.001799051835985788,4036.093333
847,0.19238665544093436,4032.25
848,0.19029655507025614,4034.138333
849,0.5801474612974452,3812.5858329999996
850,0.5249814178396771,3646.25
851,0.2114447204141194,3646.345833
852,0.279186700508806,3599.841667
853,0.3258054700024883,3531.96
854,-0.028262990176865434,3656.785
855,0.2501729281149053,3621.270833
856,0.19607597092488566,3621.43
857,0.1729887866638543,3632.395
858,0.08730012390761904,3690.5233329999996
859,0.16462556222454197,3703.98
860,0.48395325409468737,3548.4275
861,0.22668705375123735,3540.02
862,0.10592499045346991,3587.35
863,0.22846759280665555,3566.4
864,0.15810074873812274,3586.25
865,0.2072097080188364,3577.79
866,0.19663931564204182,3576.3
867,0.23411264790808844,3554.5
868,0.39994968740791276,3448.58
869,0.2574467494417875,3421.6
870,0.10264790813828582,3470.0
871,0.23783959647276776,3444.81
872,0.13691785857148905,3475.33
873,0.1319358495111522,3506.22
874,0.28721064086698184,3456.02
875,0.20517299558310229,3452.35
876,0.16463360539186947,3467.34
877,0.31233402646009306,3405.7
878,0.22097362400788667,3394.76
879,-0.2908047716387478,3661.08
880,0.1770022114401355,3664.38
881,0.1532418559416824,3686.29
882,0.29557050991579714,3629.47
883,0.19308146935107998,3632.42
884,0.22589270433513256,3614.5
885,0.22099412012702072,3600.31
886,0.179793079360952,3608.2
887,0.17156681716374256,3619.55
888,0.09928363924943547,3670.74
889,-0.21895252802370974,3910.8
890,0.15632459063164048,3926.53
891,0.09061046262349454,3987.18
892,0.26019434307546563,3944.88
893,0.13201796815351685,3983.48
894,-0.06061763933380447,4139.6
895,0.8403598085578748,3766.89
896,0.09992346983896112,3848.33
897,0.21680869445672638,3831.45
898,0.1914283335572474,3833.23
899,0.16381207147747898,3850.08
900,0.21864872713028768,3834.62
901,0.19993484860754393,3831.44
902,0.22282958652736362,3814.58
903,0.3439323135396622,3730.98
904,-0.04280217989029839,3872.25
905,0.17693365404355432,3876.85
906,0.17566189679143301,3886.82
907,0.21099780567005663,3875.96
908,0.06812814573225091,3950.56
909,0.22592463001199856,3928.17
910,0.27585814923973034,3881.09
911,0.17761775042927042,3892.51
912,0.21754632895992135,3877.77
913,0.181559224128307,3885.21
914,0.10573806402456729,3936.5
915,0.05788226809626586,4015.95
916,0.22282003081490862,3994.92
917,0.18838858673924322,3998.77
918,0.14265659398775804,4029.11
919,0.14613111524070552,4056.4
920,0.2979353234370644,3992.34
921,0.18742097787318085,3999.06
922,0.17124887543601683,4011.92
923,0.22184401391597358,3994.11
924,0.29317464172788926,3935.89
925,0.1781324802280237,3947.74
926,0.02642312907330386,4048.51
927,0.2050936419033271,4037.37
928,0.06735946024613576,4115.55
929,0.1898137688310563,4114.44
930,0.19365649929251827,4114.16
931,0.13157120821457513,4152.53
932,-0.8048261758765088,4882.88
933,0.10208310633106116,4959.81
934,0.25457767166760253,4911.24
935,0.04042792008916358,5028.77
936,0.15455202168498874,5053.52
937,0.017319157335474667,5189.39
938,0.08659121456695969,5268.71
939,0.30827427613814345,5175.81
940,0.030303269535984063,5310.18
941,0.5494896917010195,5035.02
942,0.16613824824011403,5072.85
943,0.20173851606170154,5064.62
944,0.07993921075545611,5152.51
945,0.34198792950488555,5036.18
946,-0.005076813451447417,5196.65
947,0.15553376841416164,5220.37
948,0.12115852203615657,5276.31
949,0.1891506561518629,5277.04
950,0.15261519736468782,5309.28
951,0.22590903681878136,5281.83
952,0.07652639374722936,5377.19
953,0.018529400231051908,5518.16
954,0.28922080453215665,5434.19
955,0.5051320273072502,5195.61
956,0.08848018024670866,5292.83
957,0.20407138010473885,5280.19
958,0.1673422575756961,5301.29
959,0.24336219633037082,5260.65
960,0.18407471432742667,5269.79
961,0.12145000867171767,5326.67
962,0.11169193668652852,5390.16
963,-0.12414228430638603,5657.14
964,0.05287741649022868,5771.08
965,0.24992681723969037,5717.66
966,0.23516238536687192,5684.47
967,0.11244433562742978,5755.72
968,-0.013161420015919892,5936.72
969,-0.041099484035260196,6146.91
970,-0.02491701326216373,6348.02
971,-0.6382981431942489,7248.31
972,0.44642258474040536,6978.63
973,-0.5154598607107718,7823.11
974,0.04850255196182253,7992.69
975,0.014153208422846205,8206.9
976,0.45668926665689585,7885.96
977,0.6863343206089293,7362.22
978,0.315710077931693,7265.05
979,-0.5590982496789904,8193.7
980,0.3425667792380357,8007.03
981,0.24736718943051791,7952.5
982,0.48098340779047216,7625.93
983,-0.0062969781948359945,7880.29
984,0.08354199266343225,8003.26
985,0.1327048930388943,8071.45
986,-0.3214988115842554,8744.42
987,0.16390528559778134,8770.06
988,0.23055184845305,8719.88
989,0.23877955098448728,8662.98
990,0.5101112028516627,8272.46
991,-0.00842416947827027,8553.81
992,0.18457960425781705,8554.8
993,0.05260848607569582,8739.03
994,0.6808472939266571,8134.92
995,0.6308764969110316,7675.8
996,0.12379176419642648,7786.04
997,0.1745184478842797,7803.23
998,0.02999621604930709,7998.29
999,0.24292187012453972,7931.34
1000,0.4497614440382322,7640.61
1001,-0.10945223609876181,8020.38
1002,0.2694742860326748,7917.58
1003,-0.01118562194654169,8173.06
1004,0.13341325760179568,8237.88
1005,-0.15806753873145676,8693.6
1006,0.05932134885942918,8859.47
1007,0.0996357292153057,8978.99
1008,-0.05908354603891288,9327.48
1009,0.3681750634486647,9076.18
1010,0.055151523987878905,9281.7
1011,0.013378119239640277,9531.35
1012,-0.25430993463660523,10209.38
1013,-0.10146561293791675,10668.63
1014,0.09465734319225762,10814.48
1015,0.06679431628705623,11017.5
1016,-0.23479323083597636,11766.4
1017,-0.41284454249476144,12932.55
1018,1.2491186496719824,11132.85
1019,-0.3956949595387298,12374.35
1020,0.45403884481262247,11890.38
1021,0.9291577191711538,10737.73
1022,0.3512218745821582,10578.72
1023,0.0581629414909605,10805.4
1024,-0.46609270852320434,11984.76
1025,0.6718481090841771,11160.49
1026,0.35357688263408243,10955.16
1027,0.034957357365732036,11232.04
1028,0.045109904550643246,11477.01
1029,-0.26351848461140315,12313.08
1030,0.03923550276697074,12586.78
1031,0.45468553305605924,12099.9
1032,0.6502763430283202,11352.87
1033,-0.03498258532872151,11803.97
1034,0.42595652378431337,11389.1
1035,0.998095009951901,10186.96
1036,-0.17240114618375002,10873.5
1037,1.2201220398285844,9397.72
1038,0.09264631880928657,9674.28
1039,-0.4153784634828653,10638.56
1040,0.24887032113195887,10535.75
1041,0.05429994351866052,10764.9
1042,0.2988726187835389,10587.41
1043,0.369631001923684,10323.62
1044,0.5281769926213965,9844.3
1045,0.262743675372772,9772.17
1046,0.12595091809364042,9875.17
1047,0.2080329893650485,9848.65
1048,0.45758085513097024,9473.99
1049,0.1692679864407608,9530.0
1050,0.2114584903621924,9501.33
1051,0.13303606744534288,9589.13
1052,-0.13653169133079357,10084.7
1053,-0.021649897208259817,10407.17
1054,0.10855817579985812,10529.55
1055,0.0145013914803816,10814.57
1056,0.08634278196053297,10980.23
1057,-0.26663559954911115,11787.99
1058,0.3683831028882549,11465.67
1059,-0.07353655847305175,11960.82
1060,0.16450643198819806,11996.41
1061,0.2707289627272983,11856.64
1062,0.5369417649286529,11282.22
1063,0.04899508108639015,11566.84
1064,0.29212551417055804,11386.26
1065,0.5234751809209659,10858.12
1066,0.7770905602045254,10016.96
1067,0.0463193852038059,10302.17
1068,0.1495524518520617,10359.44
1069,0.28592468539752286,10214.52
1070,0.1312424194838679,10317.6
1071,-0.1752111804225936,10917.26
1072,0.2793121266272851,10760.56
1073,0.6142107883945179,10129.4
1074,0.23203452155561138,10111.98
1075,0.005461154382133966,10405.81
1076,0.3575447464664527,10143.8
1077,0.20832135598992263,10135.06
1078,0.04851764397935994,10360.28
1079,0.31039894396884726,10171.95
1080,0.5118736422057772,9717.82
1081,0.377296291396678,9484.55
1082,0.13678545741861997,9577.99
1083,0.17441694734652252,9600.9
1084,0.0772436231299295,9769.79
1085,-0.20629786711756604,10386.64
1086,0.03683645618452475,10621.29
1087,0.21064454134596716,10584.16
1088,0.19823792518746747,10577.8
1089,0.36143954229291886,10317.47
1090,0.09403207416928502,10487.21
1091,0.24034628724897752,10406.31
1092,0.25559249544334295,10313.66
1093,0.33653607549730086,10101.03
1094,0.1622436496170694,10159.32
1095,0.02476097551261925,10420.16
1096,0.222782993202972,10363.9
1097,0.1965140948009075,10361.33
1098,0.22609108668409852,10310.43
1099,0.22380413300083885,10265.63
1100,0.24375981126402296,10190.36
1101,0.21705098675715825,10157.59
1102,0.11739749422260581,10275.88
1103,0.2570310752985533,10173.11
1104,0.3259548992598035,9979.49
1105,0.16427283062688422,10033.05
1106,0.4319354177427592,9683.38
1107,1.0922101820617374,8553.61
1108,0.3660291257840296,8432.23
1109,0.5102178908114531,8055.64
1110,0.09890894182137569,8193.9
1111,0.16337623939054435,8225.0
1112,0.3310530152066455,8056.74
1113,-0.0014406259807880628,8307.74
1114,0.17369092458112542,8322.92
1115,0.14558285229537357,8382.03
1116,0.3089122928264383,8236.17
1117,0.2653935460927175,8155.48
1118,0.202774261113615,8147.69
1119,0.4287902287799011,7869.74
1120,-0.07257483278386204,8212.02
1121,0.20192880851600453,8190.0
1122,-0.11489809664361668,8587.92
1123,0.1844162973354964,8586.9
1124,0.4487122961637227,8269.73
1125,0.17722798919667276,8308.01
1126,0.21122491378973504,8283.76
1127,0.1383512962005503,8353.54
1128,0.34671413511768656,8162.16
1129,0.33498662022133796,8002.51
1130,0.13869661654421897,8076.78
1131,0.2930328366372979,7954.15
1132,0.19347524628580043,7960.04
1133,-0.026483813632538652,8231.06
1134,0.1922242723789263,8222.52
1135,0.3559754760321212,8026.76
1136,0.7009114135329058,7469.56
1137,0.26179770070219427,7431.88
1138,-0.755409751576439,8666.79
1139,-0.21953594224000905,9259.8
1140,-0.018976721777766988,9551.54
1141,0.4252021193199144,9218.76
1142,0.05461806458424834,9433.35
1143,0.38194370773841757,9164.62
1144,0.21621605129874727,9147.98
1145,0.11805168146105001,9252.99
1146,0.1554122713843114,9301.18
1147,0.26028737226522064,9206.16
1148,0.04640468042674471,9418.05
1149,0.2641973306909086,9310.19
1150,0.17331965508719685,9343.34
1151,0.2926882800846836,9204.24
1152,0.5321610011810733,8766.04
1153,0.18075803564058301,8809.41
1154,0.023874010953640203,9037.12
1155,0.4298696272464657,8717.81
1156,0.14356852419098948,8801.52
1157,0.22005699140593094,8762.42
1158,0.29503567508409373,8632.32
1159,0.33617911822629176,8457.69
1160,0.18072827120028107,8482.7
1161,0.1755959510483108,8503.93
1162,0.4595151140696135,8175.99
1163,0.2545170650432753,8120.8
1164,0.2275085904908462,8081.81
1165,0.6015020837350971,7617.07
1166,0.5251914154508116,7286.35
1167,0.1769846627078209,7324.03
1168,0.5931699320410355,6907.4
1169,0.009018736871662261,7130.25
1170,0.15469934695295487,7163.63
1171,-0.1270519720556614,7523.83
1172,0.266180867628498,7431.0
1173,-0.08362471022945897,7757.47
1174,0.35913632047929156,7557.72
1175,0.3429355419193329,7402.69
1176,0.28570043028651654,7309.59
1177,0.20914988953655927,7296.77
1178,0.28996444929550774,7192.85
1179,0.01464889908653786,7395.97
1180,0.05330655863709437,7547.19
1181,0.22529183125745794,7504.83
1182,0.17936681346605304,7522.39
1183,0.3603145673609549,7337.42
1184,0.3103737322662303,7220.76
1185,0.2158074335462518,7202.31
1186,0.20611612502747545,7189.16
1187,0.13605083496358356,7251.87
1188,0.36396018113404843,7067.74
1189,0.16180528225873853,7111.14
1190,0.415416456235033,6879.54
1191,0.4768921480772251,6612.12
1192,-0.40973948237660746,7284.29
1193,0.30771312614686214,7150.86
1194,0.1631186269803639,7190.17
1195,0.23526475099857658,7143.2
1196,-0.13424526970545325,7514.41
1197,0.357177533192823,7322.08
1198,0.26861417939938287,7250.69
1199,0.25017034132250343,7192.72
1200,0.1942032623105724,7194.4
1201,0.147483305837862,7243.93
1202,0.13900676867325232,7301.07
1203,0.11486478769182429,7385.36
1204,0.3425863979411207,7219.6
1205,0.2492164166189945,7168.31
1206,0.18859588650116937,7175.68
1207,0.4147504664934641,6944.33
1208,-0.1434724109013616,7326.35
1209,0.16378630947389872,7347.89
1210,0.18889605031426604,7351.57
1211,-0.1570978327203456,7759.24
1212,-0.14592181437371468,8165.47
1213,0.284391842065464,8042.65
1214,0.390352135962736,7817.92
1215,-0.09613027388897122,8184.66
1216,0.3184594852436759,8021.49
1217,0.07562498955895672,8173.97
1218,0.24444646799343717,8105.24
1219,-0.3603223328025008,8842.42
1220,0.2050534902716332,8813.89
1221,0.2643554373819086,8722.03
1222,0.06291511225961183,8900.34
1223,0.1799566955202889,8910.85
1224,0.351580636427645,8703.36
1225,0.26134605190046467,8626.47
1226,0.1227791614879185,8722.26
1227,0.2386177723352204,8658.94
1228,0.41087762653132964,8388.11
1229,0.17350863081944126,8428.17
1230,0.27229095715344115,8327.36
1231,-0.005727286519588601,8588.42
1232,-0.04345331493370086,8895.78
1233,-0.16099304107911994,9385.69
1234,0.2586440345268229,9279.81
1235,0.04060351607006296,9502.37
1236,0.3070157690975675,9333.77
1237,0.16784217437445187,9378.09
1238,0.23711403286136354,9314.56
1239,0.3063005079366568,9162.14
1240,0.19886826325582135,9162.14
1241,-0.12064554675807922,9614.9
1242,0.08806136612381314,9755.66
1243,0.15392705317086533,9807.54
1244,0.1246108394401681,9907.12
1245,0.02308263595251458,10162.41
1246,0.393963083034148,9854.79
1247,-0.06921259043672834,10275.38
1248,0.13372033375862033,10354.3
1249,0.26357584382879207,10242.43
1250,0.11559257210175024,10368.53
1251,0.50150969284869,9904.17
1252,0.18962739063646858,9937.67
1253,0.3525066474219451,9703.93
1254,-0.11136235565036749,10180.65
1255,0.5805065498668066,9604.72
1256,0.2176415363258799,9606.86
1257,0.13139434337676334,9696.58
1258,0.20897926357714403,9669.63
1259,-0.0193822378589612,9989.39
1260,0.40897891235580985,9663.75
1261,0.4611473483549315,9309.15
1262,0.6075501754143625,8785.52
1263,0.20426246805613607,8804.72
1264,0.263071332903809,8712.35
1265,0.3359907577033727,8534.17
1266,-0.08347302035574433,8912.82
1267,0.184038190824403,8912.82
1268,0.31374625782553606,8754.34
1269,0.19596441983030355,8758.9
1270,-0.03372378982241083,9067.39
1271,0.12107422929736496,9155.89
1272,0.3826771466310363,8898.63
1273,0.9192857330177063,8039.38
1274,0.3407947237371649,7931.94
1275,0.23707824831877633,7885.46
1276,0.15201165220524934,7936.65
1277,4.472354895530214,4830.21
1278,-0.12050669744311106,5609.03
1279,0.7604136132696578,5166.26
1280,0.004264413164424251,5348.44
1281,0.6100522641523917,5026.35
1282,-0.19490049421731337,5357.61
1283,0.1185328980353375,5410.23
1284,-0.6527371933850927,6195.2
1285,0.16073834010771212,6226.44
1286,0.23096991144266957,6189.85
1287,0.6156539487278259,5822.62
1288,-0.48273993199972437,6502.16
1289,-0.07158340857087343,6768.49
1290,0.2536851538009266,6698.46
1291,0.13217247021858664,6763.75
1292,0.6026201043555399,6369.09
1293,0.3365149797411794,6260.95
1294,0.6254340240646964,5885.41
1295,-0.3252159982709112,6405.29
1296,0.15993311169143518,6428.28
1297,-0.03278385792280162,6652.87
1298,0.033056653862537866,6809.11
1299,0.25359640070495104,6741.67
1300,0.07016658466768946,6871.69
1301,0.28044083297854683,6777.44
1302,-0.31662163161600354,7343.2
1303,0.3091708437365494,7205.55
1304,0.05511591251303878,7365.03
1305,0.2524078823135108,7293.69
1306,0.6045781015562409,6873.24
1307,0.2018940659850605,6891.6
1308,0.1694156597598958,6915.37
1309,0.24811929516451803,6857.66
1310,0.18200992146201384,6871.95
1311,0.44202407281305983,6623.8
1312,-0.25267075995677146,7112.27
1313,0.25542934170478415,7034.89
1314,-0.009590913267504018,7259.36
1315,0.3059830385895959,7130.04
1316,0.48254935343530325,6840.24
1317,0.19800213412082815,6852.52
1318,-0.06756694926667528,7130.99
1319,-0.1226874702909296,7477.6
1320,0.15764165807562452,7507.08
1321,0.1544935632957198,7549.52
1322,0.061951428378332576,7699.27
1323,0.10997962148100919,7790.66
1324,0.21147412904621823,7765.33
1325,-0.574683149055954,8777.63
1326,0.3032875726400396,8628.77
1327,0.05080789295039267,8824.66
1328,0.07693272589943152,8973.82
1329,0.24072915775088805,8903.95
1330,0.2092169982168433,8885.93
1331,0.08672060772559514,9030.96
1332,0.08734595447985948,9170.79
1333,-0.3638857311108682,10002.48
1334,0.3049220293284861,9821.8
1335,0.4060491633575076,9527.39
1336,0.7959046778408418,8754.46
1337,0.3438583783642798,8617.25
1338,0.049105731448466826,8814.53
1339,-0.1634169666658442,9305.93
1340,-0.14411287914990045,9790.31
1341,0.5295371759736115,9303.59
1342,0.1562575294438966,9385.7
1343,-0.004672962860967792,9669.4
1344,0.15183364184457332,9719.37
1345,0.14642220978311457,9785.74
1346,0.383632752646184,9510.67
1347,0.5387142256803362,9057.57
1348,0.133477033974976,9167.26
1349,0.18170400025354178,9178.32
1350,0.5342787241067964,8730.73
1351,0.08696864498270061,8899.66
1352,0.2307120474502514,8842.85
1353,-0.06201179215878561,9197.54
1354,-0.07286635762914506,9569.21
1355,0.2851686533948212,9425.98
1356,0.010922053929992013,9698.1
1357,0.35979005463292546,9450.84
1358,-0.29128586768082415,10204.23
1359,0.653044524442635,9525.57
1360,0.13311682336907643,9658.04
1361,0.09658950181723748,9794.56
1362,0.3072437559829014,9623.75
1363,0.1670431100897589,9670.43
1364,0.13471921125277447,9753.85
1365,0.17106712170278746,9782.59
1366,0.19729246455220278,9775.15
1367,0.11454935655256283,9892.13
1368,0.6236002695814807,9286.42
1369,0.09852604220095304,9459.97
1370,0.17867474385270318,9473.5
1371,0.2950890987588516,9330.07
1372,0.1299311788862496,9426.7
1373,0.12081189120798803,9526.0
1374,0.24021144830126323,9454.81
1375,0.24875630377777405,9380.03
1376,0.25302947364934714,9300.15
1377,0.15509999513760947,9357.43
1378,0.24338793298278733,9284.78
1379,-0.08455109654145879,9691.9
1380,0.2325623429908438,9621.49
1381,0.4435286315452241,9276.58
1382,0.233478847819725,9240.85
1383,0.2572678762449022,9154.45
1384,0.3075655667480059,9004.23
1385,0.10869276873025499,9127.47
1386,0.14742055463260553,9185.35
1387,0.22869624419609985,9133.97
1388,0.12099046226092983,9236.38
1389,0.2985703244720723,9087.98
1390,0.21021505310918187,9072.42
1391,0.15067146253550906,9131.31
1392,0.2221224723889359,9089.09
1393,0.009289905728923676,9348.91
1394,0.2526669848989425,9256.23
1395,0.06647679915884828,9440.07
1396,0.33321363730647857,9238.04
1397,0.1653868186780449,9287.4
1398,0.22860808252652495,9235.96
1399,0.15190672529101454,9295.9
1400,0.23283111359023778,9238.13
1401,0.18333348380917103,9254.52
1402,0.2367769273900219,9193.51
1403,0.24093084789377855,9131.0
1404,0.17844658701671515,9154.19
1405,0.17744456078386425,9174.71
1406,0.16355245636663457,9214.66
1407,0.22871618633395793,9163.87
1408,0.03246159964465683,9392.66
1409,0.08612227338832293,9537.4
1410,0.13655655821334214,9613.11
1411,0.2338901616386317,9551.28
1412,0.08788479238269847,9707.5
1413,0.0339750072046649,9938.83
1414,-0.47655058164217545,11042.4
1415,0.2508505505235986,10934.94
1416,0.09556187120251927,11102.67
1417,0.18159588150373043,11114.93
1418,0.05831853375451556,11343.88
1419,-0.08183927606774084,11823.69
1420,0.6303391291732733,11077.77
1421,0.12454033215675472,11242.57
1422,0.21774186483582847,11194.25
1423,-0.12102068179107187,11750.28
1424,0.17080656717661152,11772.94
1425,0.2885798631951682,11605.6
1426,0.10610293706336377,11767.6
1427,0.23679947783985586,11684.06
1428,0.07824184756405947,11893.03
1429,0.4803727994418908,11392.43
1430,0.1060366303819278,11573.11
1431,0.07347971175651076,11777.43
1432,0.19011786409496037,11774.38
1433,0.13730424030868804,11873.98
1434,0.1683069819587767,11914.01
1435,-0.013602285977625745,12293.72
1436,0.36534338630777863,11969.53
1437,0.33739797053718523,11734.0
1438,0.1259508696752248,11865.82
1439,0.38796676322923507,11522.8
1440,0.11219412642911644,11683.44
1441,0.20662448401356118,11653.02
1442,0.1310943781929144,11763.93
1443,0.4407110337689161,11337.4
1444,0.13180323736642588,11467.37
1445,0.28720692791226843,11302.01
1446,0.06336599321083819,11534.75
1447,0.2184904949419559,11481.64
1448,0.06580975101444884,11707.78
1449,0.21542119208518856,11659.57
1450,0.04698897450726803,11923.25
1451,0.49374505257202966,11397.44
1452,1.009140122570709,10187.51
1453,0.07539153428287616,10467.89
1454,0.3878021644728261,10159.62
1455,0.14226648921400326,10254.93
1456,0.11802218455458345,10367.74
1457,0.3518311372298315,10121.52
1458,0.13240977004548596,10227.83
1459,0.1099096247632374,10352.66
1460,0.16232455365362858,10395.44
1461,0.15936637427862904,10446.44
1462,0.26620206369733573,10330.77
1463,-0.018156812142839852,10674.64
1464,0.11720621899998693,10785.62
1465,0.09121672196157103,10948.43
1466,0.19174784893385124,10943.89
1467,0.20062069782264322,10931.79
1468,0.10346444362244185,11081.43
1469,0.287845468618684,10919.65
1470,0.5114098419287388,10430.46
1471,0.14740111002196404,10532.22
1472,0.3838903532980156,10234.48
1473,-0.10662945473888304,10732.43
1474,0.20814026566830435,10692.84
1475,0.1697241592166552,10732.4
1476,0.16614078303436175,10774.24
1477,0.2429559263895095,10692.33
1478,0.10426215447454465,10840.8
1479,0.2280756988731815,10777.92
1480,0.2946512438480309,10619.24
1481,0.226140436858922,10575.06
1482,0.20916544546077173,10551.77
1483,0.11781861900321802,10673.46
1484,0.11889635289783365,10788.56
1485,0.3060113599314529,10603.74
1486,0.15718774813645475,10670.8
1487,0.03737264178352897,10923.3
1488,0.10315990991855502,11063.19
1489,0.04862932293477368,11302.67
1490,0.14437045001529403,11376.61
1491,0.09691762923424092,11540.04
1492,0.25420896533488974,11428.24
1493,0.19456347422788248,11431.32
1494,0.15109661575351818,11503.73
1495,0.2947677503345717,11327.57
1496,0.1755810774673372,11366.51
1497,0.11008385914653966,11508.2
1498,0.048235092983922485,11758.16
1499,0.09433943318018584,11925.46
1500,-0.2803493272397903,12831.56
1501,0.10224121390618557,12990.25
1502,0.2131502537789107,12944.52
1503,0.10082620790684178,13128.46
1504,0.23596641141552774,13036.77
1505,0.17520823747141337,13076.37
1506,-0.0883767873667157,13651.47
1507,0.36474198920511297,13289.0
1508,0.11879927187669885,13458.66
1509,0.13755459908674217,13564.72
1510,0.07246474870793378,13810.32
1511,0.2131442958571346,13758.88
1512,0.28452975687206095,13575.17
1513,-0.01566887502010246,14023.31
1514,0.12351702831623666,14155.59
1515,-0.42235063190029926,15591.39
1516,0.18297311994617138,15595.77
1517,0.5324341471852903,14839.84
1518,-0.06791625922216848,15490.6
1519,0.2541196063751913,15328.53
1520,0.20164495737608207,15317.04
1521,0.02721901463760685,15708.65
1522,-0.05234990309735451,16295.57
1523,0.16710894524710931,16339.33
1524,0.2950578180622154,16091.07
1525,0.24983012485686248,15968.16
1526,-0.10630498708042638,16725.15
1527,-0.17372354693409936,17679.72
1528,0.13894449562067845,17798.45
1529,0.18287836350667783,17820.57
1530,-0.11630150734278076,18687.45
1531,0.17927883140437653,18699.75
1532,0.29326281345945837,18422.28
1533,0.20676497899300397,18398.91
1534,-0.07539905344430416,19172.52
1535,0.33726230365488474,18739.8
1536,0.8207252571200885,17151.44
1537,0.24399959240184754,17138.87
1538,-0.029712290876700652,17732.42
1539,0.017875478970073293,18191.6
1540,-0.3246357174623713,19709.73
1541,0.5050606680558276,18792.52
1542,0.06147929983763343,19226.97
1543,0.10955484589933377,19454.54
1544,0.46911590832944305,18670.49
1545,0.04014926849031411,19155.06
1546,0.11043263450067711,19377.66
1547,0.25789432862469125,19181.41
1548,0.5107438692116318,18318.87
1549,0.1272149024982192,18554.15
1550,0.3012031028336802,18247.76
1551,0.27985820508185266,18029.36
1552,-0.07762329798813516,18803.44
1553,0.059385450774981065,19164.48
1554,0.14941038608707768,19276.59
1555,0.1355057478790287,19439.75
1556,-0.4131218391485194,21379.48
1557,-0.23846499961461637,22847.46
1558,0.09623447950420204,23150.79
1559,-0.010923890095843757,23869.92
1560,0.2929358563430596,23490.58
1561,0.4175119055566718,22745.48
1562,-0.09792497545771321,23824.99
1563,0.3464851502368198,23253.37
1564,0.0716842988917676,23715.53
1565,-0.07524859711720773,24693.58
1566,-0.2540151907082946,26443.21
1567,0.23224321035353218,26246.58
1568,0.0006202935276118475,27036.69
1569,0.10363307597598179,27376.37
1570,-0.15155924375985994,28856.59
1571,0.15447075882805464,28982.56
1572,0.09865340582090532,29393.75
1573,-0.3894338315661974,32195.46
1574,0.023368095062281206,33000.78
1575,0.3870275827689175,32035.03
1576,-0.1911640867799834,34046.67
1577,-0.3216586868617292,36860.41
1578,-0.2554373872158557,39486.04
1579,-0.009480974014011401,40670.25
1580,0.2568008352097673,40240.72
1581,0.5458524666554084,38240.09
1582,0.7245767679090351,35544.94
1583,0.5324913205415495,34011.82
1584,-0.3955422054056099,37393.13
1585,-0.11229566050987487,39158.47
1586,0.6026210234248561,36828.52
1587,0.36348475626550764,36065.2
1588,0.25148046139939695,35793.01
1589,0.04275321680102768,36632.35
1590,0.30004391340782255,36020.13
1591,0.2894601304040936,35538.98
1592,1.2256136377295008,30797.88
1593,-0.17163133499933647,33002.38
1594,0.3684463030466605,32099.74
1595,0.16679902686646975,32276.84
1596,0.19841329710269384,32243.26
1597,0.13230649323986665,32541.8
1598,0.6547723798609146,30419.17
1599,-0.377421504290697,33403.17
1600,0.009571567008338656,34314.26
1601,0.18571257143040124,34318.1
1602,0.4306798921710513,33136.46
1603,0.1296230790224889,33522.9
1604,-0.18587076179940049,35529.66
1605,-0.1937298594619587,37676.25
1606,0.3033677101215986,37002.09
1607,-0.02335118352182276,38278.61
1608,0.009108607389508295,39323.26
1609,0.2538224247287356,38928.1
1610,-0.8738635308381695,46364.3
1611,0.1780227668472755,46589.58
1612,0.44557817435914876,44878.17
1613,-0.22973263445335534,48013.38
1614,0.2581757377057865,47471.4
1615,0.2374296467569812,47185.19
1616,-0.015069177150756426,48720.37
1617,0.29187107029991616,47951.85
1618,0.03446965098495637,49160.1
1619,-0.18999821132212208,52118.23
1620,0.24827352693726565,51608.15
1621,-0.3177829398413756,55916.5
1622,0.1732093766838839,56001.2
1623,0.02038061010139351,57487.86
1624,0.5992277742482878,54123.4
1625,0.9423832848556076,48880.43
1626,0.015284639121528925,50624.84
1627,0.7269108643106059,46800.42
1628,0.299054581204507,46340.31
1629,0.2230829694367369,46155.87
1630,0.3483883558201981,45113.92
1631,-0.40566635364637443,49618.43
1632,0.3565381307834712,48356.04
1633,-0.07854608609955788,50477.7
1634,0.4614368787692487,48448.91
1635,0.15316651484939997,48861.38
1636,0.18790319580961665,48881.59
1637,-0.10494343502487488,51169.7
1638,0.04078241852337178,52299.33
1639,-0.12506018514366443,54881.52
1640,0.051684584775989084,55997.23
1641,-0.015386021148397006,57764.0
1642,0.24489755726770285,57253.28
1643,-0.24022165605960175,61258.73
1644,0.42012434624608624,59133.47
1645,0.613104129870654,55754.72
1646,0.08724007842315276,56872.38
1647,-0.04225824377605734,58913.0
1648,0.3284461645895274,57665.9
1649,0.15371684118114803,58075.1
1650,0.18980925532320855,58085.8
1651,0.2713563981200049,57411.17
1652,0.5919035231290904,54204.96
1653,0.18503923973934655,54477.46
1654,0.4413237546676735,52508.23
1655,0.3501293820385283,51415.92
1656,-0.24342325468689063,55074.47
1657,0.08946416475038231,55863.93
1658,0.19873035546382917,55783.71
1659,-0.01969075214093513,57627.67
1660,0.060986160782563345,58730.13
1661,0.1874944561754966,58735.25
1662,0.19290146417078546,58736.92
1663,0.15987839444439803,59031.32
1664,0.41966311718387533,57076.49
1665,0.0761579630813693,58206.55
1666,0.09257231762741427,59054.1
1667,0.3075736012974608,58020.46
1668,0.446920484509356,55947.27
1669,-0.03511471782060565,58048.59
1670,0.17867713530274307,58102.58
1671,0.006540556828897077,59774.0
1672,0.16506391278815158,59964.87
1673,0.206637031460167,59834.74
1674,-0.19631337489374526,63554.44
1675,0.24430140482615562,62969.12
1676,0.16627262571352291,63252.63
1677,0.386430984053637,61455.98
1678,0.35650775093399834,60087.09
1679,0.657258996178277,56251.48
1680,0.2901303307509048,55703.14
1681,0.10134513983142829,56507.91
1682,0.522674550785428,53808.8
1683,0.4836332294754983,51731.71
1684,0.2848201154145798,51153.13
1685,0.33577489125755594,50110.53
1686,0.34147525078399854,49075.58
1687,-0.41539145426777435,54056.64
1688,0.06351756722157643,55071.46
1689,0.21083623914497765,54884.1
1690,0.3559398232865251,53584.15
1691,-0.28558872643414807,57796.62
1692,0.1760135536137402,57857.5
1693,0.3395502521892596,56610.46
1694,0.13053616151486333,57213.33
1695,0.6863562514568158,53241.72
1696,-0.2691013503200611,57473.23
1697,0.30517168820413043,56428.16
1698,0.08871884578051147,57380.27
1699,0.01390841727502225,58928.81
1700,0.26031532013796177,58280.73
1701,0.483152350846429,55883.5
1702,0.10785150847821866,56750.0
1703,1.2392743224492615,49007.09
1704,0.19349012404680158,49702.27
1705,0.15987331175900868,49922.52
1706,0.645705074723275,46736.58
1707,0.26657286107259254,46441.64
1708,0.6304862397991529,43596.24
1709,0.32948165583114347,42912.19
1710,1.2734346433132548,36964.27
1711,-0.3505226630591385,40784.32
1712,0.8038008759645202,37280.35
1713,0.19522661886473222,37528.3
1714,0.7224243412924848,34754.54
1715,-0.46211889278777624,38728.59
1716,0.24121381140555762,38410.5
1717,0.05046729030685385,39266.04
1718,0.32920725616326607,38445.29
1719,0.7169111675518657,35689.62
1720,0.4321509088770179,34647.67
1721,0.009831126815274602,35684.59
1722,-0.10316311789534244,37310.54
1723,0.3009345240725491,36662.64
1724,0.03525551946566691,37585.24
1725,-0.08480064981916785,39188.59
1726,0.5978391433092898,36885.51
1727,0.4772635576538611,35530.38
1728,0.15452317736718463,35816.17
1729,0.64776135951075,33514.87
1730,0.23708804687950186,33450.19
1731,-0.5003442686606884,37338.36
1732,0.30063367117087425,36704.57
1733,0.09014464864783117,37313.18
1734,0.5291536563858549,35494.9
1735,-0.39982521114904107,39066.82
1736,-0.052310218084305596,40525.8
1737,0.2404946874458623,40188.56
1738,0.5203203701229157,38324.87
1739,0.2584408913811899,38068.04
1740,0.6318156252460922,35729.82
1741,0.2611962616377942,35524.17
1742,0.18221504192064572,35592.35
1743,1.0136243870907389,31686.55
1744,0.10130097140960986,32447.59
1745,-0.05490354149057454,33674.66
1746,0.0001996498577600142,34639.38
1747,0.8151767098883019,31640.58
1748,0.13093486347609792,32160.91
1749,-0.2878506210460322,34644.45
1750,0.21886233132270483,34456.67
1751,-0.06390264349334318,35847.7
1752,0.3358013504141818,35047.36
1753,0.5025051925378913,33536.88
1754,0.1479112774430042,33856.86
1755,0.03076752576255832,34688.98
1756,0.07029975125240011,35309.3
1757,0.4958159160648412,33747.97
1758,0.12109410773670955,34211.01
1759,0.2624208891376605,33839.04
1760,0.3920108973463763,32877.41
1761,0.017724301950763965,33818.52
1762,0.2461985904443605,33515.57
1763,0.0572852466650748,34227.64
1764,0.4018568358796765,33158.25
1765,0.3019762099447556,32686.56
1766,0.17198413474320523,32814.61
1767,0.4177081797596567,31738.59
1768,0.273721843414208,31421.25
1769,0.17542573383077903,31520.66
1770,0.13708438919575,31783.49
1771,0.3996509297026467,30815.94
1772,0.4355070230902376,29790.24
1773,-0.27926605484529865,32118.06
1774,0.1462003550161967,32297.89
1775,-0.06304557973850856,33581.63
1776,0.04968016881583664,34279.34
1777,-0.01625916323032012,35365.2
1778,-0.16145190814780527,37318.14
1779,-0.16729508897833678,39405.95
1780,0.08449191649881532,40002.53
1781,0.18841637239120282,40005.93
1782,-0.15545373826466605,42214.15
1783,0.27129874837405343,41659.06
1784,0.4744969945283151,40000.46
1785,0.34761687044748124,39193.94
1786,0.38548584718791457,38138.0
1787,-0.06808334293568125,39750.14
1788,0.0008483159233584846,40882.0
1789,-0.11500033373906776,42825.95
1790,-0.08448947341500018,44634.13
1791,0.30794331923108464,43816.14
1792,-0.1634137325672988,46333.46
1793,0.28818188379099136,45608.37
1794,0.19814178586412481,45611.46
1795,0.3721624614612113,44417.78
1796,-0.27489087307880566,47833.98
1797,0.28400023530458546,47112.19
1798,0.2062941257202862,47056.41
1799,0.34912711980925504,45982.55
1800,0.40133579145690346,44648.57
1801,0.18495926366995447,44777.86
1802,-0.08663110738352027,46734.65
1803,-0.16410283332150855,49327.75
1804,0.23664817624940582,48932.02
1805,0.1411896339218813,49335.68
1806,0.1654858894126123,49523.5
1807,0.44009530400782637,47744.58
1808,0.03959025181077001,48972.09
1809,0.4707856452398366,46962.8
1810,-0.07615498520393567,49056.86
1811,0.20557080120116356,48897.65
1812,0.20655665010502555,48806.78
1813,0.43892993180675716,47074.77
1814,0.19586525795829593,47155.87
1815,-0.04011451189691419,48862.76
1816,0.1223565241792331,49329.01
1817,0.0964510329071898,50035.33
1818,0.2008787800840459,49947.38
1819,-0.0408617589328951,51769.06
1820,0.07067220305407436,52677.4
1821,1.0216295680502074,46809.17
1822,0.37062163831936185,46078.38
