,predict data,true data
0,625.6916,608.66
1,624.58105,598.88
2,622.1083,597.42
3,616.98334,594.08
4,611.82733,603.88
5,609.92584,601.74
6,610.6557,598.98
7,613.5468,605.96
8,617.16876,605.67
9,620.8876,603.85
10,620.99603,609.39
11,622.0722,614.82
12,623.88556,612.98
13,628.59424,611.85
14,629.81506,609.62
15,628.2511,607.18
16,626.891,612.08
17,625.0463,617.21
18,625.1676,614.74
19,627.8642,615.65
20,631.1907,617.54
21,633.02826,614.77
22,633.3192,635.01
23,637.29486,635.96
24,643.4787,634.02
25,650.2663,637.94
26,655.8535,641.42
27,658.2681,638.97
28,658.64514,636.29
29,656.5631,629.25
30,650.0493,627.72
31,647.7953,631.92
32,644.55194,655.48
33,649.06604,653.25
34,659.3343,651.39
35,669.1758,655.31
36,675.30035,651.45
37,676.5377,682.22
38,680.73114,687.68
39,689.5608,685.91
40,698.8981,698.0
41,713.3653,702.0
42,720.87494,697.01
43,722.44574,733.33
44,729.99255,686.17
45,725.4179,683.69
46,721.03143,704.79
47,714.9253,712.0
48,713.6325,709.96
49,719.4531,708.97
50,725.09125,720.93
51,730.43744,721.5
52,745.4625,715.45
53,739.179,703.71
54,731.7072,702.28
55,727.0878,706.46
56,722.389,710.91
57,719.9655,711.73
58,720.9431,736.96
59,733.45233,747.52
60,750.96106,748.98
61,766.34625,729.06
62,768.58136,738.53
63,765.3695,736.97
64,760.09155,741.63
65,755.8032,737.45
66,751.4406,735.64
67,753.8465,733.67
68,755.12897,727.96
69,753.59186,727.31
70,745.9084,732.71
71,745.3921,742.69
72,748.4701,742.05
73,755.5245,772.43
74,768.7154,764.33
75,782.08386,762.97
76,790.1567,754.63
77,788.6228,756.62
78,782.5841,758.99
79,777.10046,769.72
80,777.27435,770.02
81,778.8575,769.08
82,788.99304,777.0
83,793.7014,777.0
84,797.87634,777.99
85,798.2381,774.89
86,797.718,776.75
87,796.2844,775.88
88,796.659,788.7
89,798.747,788.4
90,802.2964,788.67
91,807.8699,793.09
92,811.9294,824.21
93,823.0004,834.97
94,838.3816,901.31
95,870.7495,891.61
96,902.769,892.6
97,927.81915,897.33
98,936.40063,930.37
99,941.39014,930.34
100,944.3288,963.38
101,960.5227,952.15
102,970.0966,958.12
103,992.2618,997.72
104,1002.79266,1015.97
105,1018.8124,1013.42
106,1032.6791,1126.76
107,1077.6412,994.67
108,1088.0878,999.65
109,1080.7938,896.83
110,1022.6024,908.14
111,955.9781,910.49
112,910.43677,906.05
113,886.0868,785.22
114,849.57495,780.92
115,826.51105,826.29
116,801.07587,817.91
117,801.8459,819.55
118,802.3986,830.5
119,822.9303,903.84
120,867.98425,906.6
121,920.6371,895.798875
122,927.0931,893.6210875
123,931.3214,895.64
124,939.3221,918.603625
125,933.6955,922.0736125
126,930.8569,919.97
127,930.72125,893.045625
128,940.8213,915.95625
129,939.35205,915.05
130,935.16754,920.31225
131,934.2922,915.933
132,934.73254,912.19
133,939.4134,964.706075
134,954.2287,979.703875
135,978.2316,983.42
136,995.41296,1013.0269999999999
137,1024.035,1030.999413
138,1047.1534,1034.07
139,1064.5712,1024.01375
140,1066.241,1050.11
141,1063.254,1052.84
142,1075.8372,976.1030000000001
143,1060.0499,999.1035
144,1034.3484,997.59
145,1018.3595,1000.604625
146,1011.03534,999.877375
147,1010.35693,1001.2
148,1012.791,1012.325988
149,1028.1621,1035.208125
150,1048.9918,1035.2
151,1050.289,1056.637138
152,1069.5427,1052.779286
153,1081.8448,1050.87
154,1087.9824,1123.788429
155,1105.5969,1123.2231880000002
156,1128.8226,1130.01
157,1151.8872,1174.86625
158,1181.927,1150.605714
159,1195.8119,1150.37
160,1201.8098,1190.75195
161,1201.9408,1187.565286
162,1201.2562,1190.89
163,1221.1006,1259.410817
164,1241.8297,1285.14
165,1275.4613,1287.0
166,1318.7008,1270.9333
167,1328.8984,1275.197375
168,1325.9672,1279.5
169,1325.8019,1157.3933
170,1280.707,1192.469143
171,1228.6685,1192.09
172,1203.7998,1179.159875
173,1189.7771,1227.494625
174,1199.9388,1227.68
175,1223.8793,1245.370786
176,1259.1428,1257.399625
177,1295.4398,1257.0
178,1289.4291,1091.171888
179,1257.1913,952.2323625
180,1152.4354,967.69
181,1029.1874,1049.0844880000002
182,965.0596,1118.630043
183,974.5947,1113.0
184,1038.2515,1038.789
185,1098.677,941.9197142999999
186,1109.2908,927.93
187,1045.637,956.7863125
188,960.1339,1037.22925
189,942.5003,1041.04
190,980.38226,1040.5755
191,1041.2644,1037.90455
192,1090.4553,1034.74
193,1103.4072,1086.9295710000001
194,1091.6227,1099.169125
195,1093.8983,1079.99
196,1103.1924,1141.600363
197,1139.3608,1133.079314
198,1161.0662,1133.53
199,1172.7025,1190.45425
200,1187.8025,1181.149838
201,1199.4341,1184.03
202,1220.9316,1207.744875
203,1233.3408,1226.617038
204,1237.1088,1219.09
205,1257.803,1180.023713
206,1247.2997,1185.260057
207,1227.527,1170.36
208,1217.6866,1186.9274130000001
209,1202.4852,1205.634875
210,1202.109,1176.97
211,1208.8258,1217.930088
212,1226.317,1241.686325
213,1249.8997,1236.63
214,1263.3423,1261.311225
215,1282.9249,1257.988113
216,1291.6906,1240.84
217,1295.0302,1279.414688
218,1301.3453,1309.109875
219,1304.7324,1288.02
220,1322.0275,1331.2944289999998
221,1343.7229,1334.9790380000002
222,1359.6274,1333.0
223,1376.4861,1417.1728130000001
224,1401.291,1452.076288
225,1433.794,1447.55
226,1477.0238,1508.292125
227,1522.2269,1533.3350710000002
228,1549.7499,1518.75
229,1578.162,1535.8684289999999
230,1582.9492,1640.619225
231,1600.1022,1651.1
232,1653.7455,1762.88625
233,1722.1127,1820.9905629999998
234,1792.2667,1829.0
235,1870.3597,1771.920013
236,1896.8262,1776.3165
237,1871.2081,1780.0
238,1834.706,1739.031975
239,1813.1301,1807.4850629999999
240,1789.2286,1783.98
241,1805.5333,1961.520488
242,1872.5254,2052.909788
243,1982.7401,2008.84
244,2063.705,2090.662313
245,2135.4663,2287.7102879999998
246,2226.504,2256.32
247,2281.9233,2387.206286
248,2369.1187,2211.976857
249,2358.2852,2279.82
250,2383.1992,2192.9808
251,2348.5916,2275.9307
252,2282.3284,2290.02
253,2271.2512,2285.933914
254,2315.211,2399.242671
255,2358.3953,2409.93
256,2452.8772,2525.7651579999997
257,2501.8774,2516.173143
258,2583.841,2529.53
259,2600.2861,2883.313697
260,2722.04,2664.920863
261,2795.5308,2683.03
262,2808.0469,2827.4913
263,2853.4204,2845.372857
264,2873.9387,2898.63
265,2931.7144,2657.6750629999997
266,2888.2246,2748.185086
267,2822.5637,2706.0
268,2840.6655,2442.48025
269,2687.6953,2464.9598140000003
270,2551.2837,2477.94
271,2479.1907,2507.389252
272,2457.5852,2617.210263
273,2524.4172,2600.0
274,2579.7751,2671.04325
275,2692.031,2727.288013
276,2793.0496,2713.48
277,2796.6772,2589.164888
278,2780.6653,2512.366286
279,2703.9526,2502.03
280,2609.7434,2517.903114
281,2554.9744,2585.349186
282,2531.3928,2558.3
283,2559.7466,2477.641375
284,2586.3577,2501.191343
285,2597.4387,2421.26
286,2555.7659,2561.225429
287,2535.8394,2599.7298379999997
288,2562.9246,2598.89
289,2614.5107,2609.96775
290,2680.029,2491.201214
291,2681.3965,2502.86
292,2628.6985,2536.238938
293,2593.6333,2366.170143
294,2503.4187,2327.09
295,2441.3948,2385.748571
296,2396.0393,2354.783417
297,2374.973,2338.49
298,2376.869,2058.9956
299,2293.4463,1931.2143
300,2157.2505,1910.96
301,2015.6284,2320.12225
302,1993.5016,2264.7657
303,2088.6414,2265.21
304,2240.81,2682.195363
305,2479.49,2807.609857
306,2760.2603,2825.51
307,2883.4026,2751.8210289999997
308,2883.345,2560.997917
309,2786.153,2564.3
310,2798.1326,2647.625
311,2660.2827,2781.636583
312,2605.348,2784.8
313,2723.6423,2745.955417
314,2818.0505,2866.4316670000003
315,2912.441,2862.9
316,2970.048,2693.6339829999997
317,2906.2144,2794.117717
318,2854.75,2790.0
319,2832.2874,3218.115017
320,2956.4126,3252.562533
321,3138.6912,3210.2
322,3284.7039,3457.3743329999998
323,3471.1228,3357.326317
324,3561.189,3340.28
325,3499.282,3632.506667
326,3539.6072,3852.802914
327,3618.9465,3868.52
328,3875.6082,4282.992
329,4106.7036,4217.028329
330,4269.2607,4179.97
331,4438.448,4328.725717
332,4430.676,4130.440067
333,4341.2847,4104.71
334,4300.678,4157.958033
335,4247.7695,4043.722
336,4145.117,3986.28
337,4141.075,4174.95
338,4128.977,4340.316717000001
339,4209.791,4331.77
340,4372.902,4360.513317
341,4460.45,4354.308333
342,4520.913,4339.05
343,4549.8438,4607.98545
344,4566.951,4594.98785
345,4599.552,4582.52
346,4686.6147,4911.740017
347,4841.889,4580.387479999999
348,4886.751,4585.57
349,4855.791,4344.098317
350,4708.013,4488.720139999999
351,4554.832,4385.02
352,4492.4336,4654.6585
353,4499.346,4310.750183
354,4493.086,4312.26
355,4534.416,4329.955
356,4465.7305,4248.090017
357,4415.8555,4198.59
358,4305.6055,3961.271267
359,4213.0444,3319.63
360,3908.3582,3216.43
361,3573.6394,3763.6260399999996
362,3359.2812,3746.060783
363,3385.1648,3678.53
364,3541.432,3943.413333
365,3792.2117,3977.5616670000004
366,4061.52,3894.48
367,4203.2,3637.50255
368,4000.4268,3776.3869
369,3827.7058,3777.62
370,3859.3674,3942.555
371,3860.8704,3910.307383
372,3887.0105,3881.0
373,3990.894,4201.98905
374,4134.0054,4193.574667
375,4264.2056,4164.27
376,4281.3735,4360.722967000001
377,4385.0327,4386.88375
378,4450.2295,4394.07
379,4537.129,4225.175
380,4495.7197,4338.852
381,4422.1636,4318.58
382,4444.562,4376.191667
383,4429.0522,4602.280882999999
384,4480.2505,4605.66
385,4627.616,4782.28
386,4787.5884,4819.485767
387,4933.4365,4822.17
388,4972.1177,5563.8065670000005
389,5210.8374,5739.438733
390,5508.445,5825.99
391,5806.8955,5711.205867000001
392,6036.1377,5603.712939999999
393,6015.1064,5594.66
394,5931.4824,5727.6335
395,5792.516,5979.4598399999995
396,5734.0312,5986.44
397,5968.343,5983.18455
398,6123.9585,5876.079867
399,6204.414,5900.59
400,6172.7285,5669.622533
401,6028.8105,5893.138417
402,5920.7812,5889.82
403,5902.227,5776.69695
404,5938.652,6155.434020000001
405,6044.545,6136.49
406,6195.169,6388.645167000001
407,6367.895,6665.306683
408,6618.5225,6751.98
409,6784.888,7197.72006
410,7108.215,7437.543317000001
411,7397.7393,7365.99
412,7536.2305,6989.071667
413,7615.8516,7092.127233
414,7443.2563,7128.64
415,7317.8735,7158.03706
416,7244.3853,6719.39785
417,7071.5073,6569.22
418,6930.764,5716.3015829999995
419,6565.192,6550.227533
420,6314.6123,6493.63
421,6214.2305,7301.4299200000005
422,6544.995,7815.0307
423,7215.45,7868.77
424,7944.793,7817.140383
425,8327.729,8007.654067
426,8486.515,8049.72
427,8121.0854,8059.8
428,8293.678,8268.035
429,8181.8125,8236.72
430,8360.937,8250.978333
431,8495.409,8707.407267
432,8638.162,8768.8
433,8797.428,9718.29505
434,9238.07,9952.508820000001
435,9764.41,9919.0
436,10171.696,10147.372
437,10492.166,10883.912
438,10743.472,10879.88
439,10930.958,11332.622
440,11278.188,11584.83
441,11488.266,11591.22
442,11939.851,13540.98
443,12574.538,16501.97167
444,13959.892,16860.88
445,15643.134,15142.83415
446,16771.209,14869.805
447,16605.377,15068.95
448,16128.73,17276.393330000003
449,15934.65,16808.36667
450,15867.555,16252.31
451,16449.514,17771.9
452,17630.52,19498.68333
453,18864.715,19279.9
454,19399.834,18961.856669999997
455,19681.926,17737.11167
456,19378.156,17382.94
457,19236.316,16047.51
458,17891.281,15190.945
459,16206.798,13776.61
460,14780.932,13949.175
461,13771.655,14119.028330000001
462,13261.539,13740.94
463,13217.974,15589.32167
464,13892.988,14380.58167
465,14709.089,14214.01
466,15108.602,13215.573999999999
467,14858.596,14165.575
468,14293.684,13796.0
469,14024.149,15005.85667
470,14215.605,15053.261669999998
471,14588.764,15039.24
472,15502.799,17174.12
473,16311.015,17319.198
474,17275.178,17155.95
475,17568.727,15265.906669999998
476,17596.768,14714.253330000001
477,16504.453,14437.42
478,15588.051,13296.794
479,14261.33,13912.882
480,13289.372,13791.19
481,13189.5625,13852.92
482,13434.811,14012.196000000002
483,13943.979,13554.14
484,14098.165,11116.946670000001
485,13462.274,11345.42333
486,12467.244,11174.82
487,11338.047,12950.79333
488,11252.401,11505.228000000001
489,11432.774,11513.42
490,11705.608,11223.063999999998
491,11909.795,11282.25833
492,11955.129,11392.03
493,11480.993,10969.815
494,11279.793,11524.776670000001
495,11201.05,11431.37
496,11659.474,11212.655
497,11623.157,10184.061670000001
498,11359.233,10082.52
499,10818.953,9083.258333
500,10083.233,8901.901667
501,9332.044,8852.73
502,8690.218,8400.648333
503,8351.328,6838.816667
504,7790.8027,6925.46
505,7187.51,8099.958333
506,6986.136,8240.536667
507,7325.381,8245.08
508,7839.703,8319.876565999999
509,8389.633,8343.455
510,8838.871,8068.02
511,8931.746,8597.7675
512,8506.62,9334.633333
513,8627.846,9471.64
514,9277.167,10127.16167
515,9869.749,10841.99167
516,10532.047,11085.83
517,11143.008,11110.965
518,11498.068,11390.39167
519,11496.13,11245.98
520,11615.243,9931.071667
521,11358.63,10162.11667
522,10728.434,10171.3
523,10300.306,9696.593333
524,9977.507,10348.60333
525,9916.337,10319.46
526,10089.209,10370.165
527,10446.153,11009.38167
528,10930.533,10931.12
529,11079.255,11326.94833
530,11440.154,11430.18167
531,11714.609,11516.83
532,11727.226,10763.19833
533,11747.533,10118.058
534,11250.697,9920.46
535,10585.161,9089.278333
536,9905.085,8746.002
537,9114.655,8777.37
538,8606.574,9182.843333
539,8512.906,9154.7
540,8773.304,9153.54
541,9101.899,8358.121667
542,9140.81,8530.402
543,9051.168,8297.89
544,8718.836,8171.415
545,8381.905,8412.033333
546,8243.709,8605.64
547,8395.906,8947.753333
548,8721.142,8690.408333
549,9040.945,8725.37
550,9060.929,8662.378333
551,9108.199,8617.296667
552,8981.085,8457.96
553,8780.976,7876.195
554,8508.463,7960.38
555,8223.736,7950.61
556,8066.845,6882.531667
557,7657.641,6935.48
558,7237.503,6937.56
559,6919.475,7035.848333
560,6811.465,7410.435
561,6976.2935,7426.48
562,7228.206,6826.51
563,7402.428,6603.876667
564,7362.9795,6634.68
565,6969.039,7017.656667
566,6832.65,6699.273333
567,6762.627,6784.41
568,6783.6084,6926.266667
569,6956.63,7847.845
570,7377.2427,7941.46
571,7771.3467,8036.511051
572,8113.974,8340.748333
573,8430.687,8368.1
574,8749.2705,7895.416926000001
575,8569.069,8164.937426
576,8386.097,8175.96
577,8219.011,8852.718333
578,8504.612,8807.205
579,8752.452,8930.6
580,9021.985,8933.861667000001
581,9288.59,9555.542
582,9557.232,9658.11
583,9658.47,9258.398333
584,9770.718,9010.32
585,9602.156,8928.55
586,9496.33,9334.281667
587,9323.936,9259.57
588,9281.157,9239.55
589,9279.915,9221.426
590,9452.45,9639.268333
591,9673.318,9753.35
592,9837.922,9803.306667
593,9967.63,9630.136277
594,10003.365,9631.44
595,10072.641,9228.608333
596,9882.552,9322.041667
597,9640.716,9310.37
598,9431.267,8468.788
599,9182.312,8484.346667
600,8860.783,8463.52
601,8606.268,8652.038333
602,8499.45,8511.458
603,8537.59,8471.06
604,8563.419,8106.118332999999
605,8569.983,8240.055
606,8555.856,8239.08
607,8376.571,8507.406667
608,8401.577,8385.556187
609,8480.135,8396.63
610,8615.442,7555.74
611,8449.194,7566.193333
612,8135.517,7576.78
613,7749.621,7342.908332999999
614,7488.654,7361.831667
615,7326.9614,7344.56
616,7336.3975,7459.876667
617,7429.98,7385.395
618,7580.083,7386.72
619,7547.733,7535.146667
620,7617.601,7645.146667
621,7735.5933,7637.14
622,7792.38,7500.273333
623,7818.961,7615.7221420000005
624,7811.95,7619.43
625,7828.0776,7676.271667
626,7815.7305,7620.153333
627,7803.6997,7615.54
628,7819.7295,6776.888333
629,7613.9272,6875.678333
630,7291.196,6879.31
631,6980.4126,6315.7
632,6681.34,6647.013333
633,6507.395,6637.41
634,6505.72,6509.426667
635,6576.931,6464.411667
636,6674.9907,6445.79
637,6596.746,6737.0
638,6686.7505,6714.718333
639,6821.386,6760.83
640,6819.1953,6332.573333
641,6844.966,6141.605833
642,6675.6304,6170.46
643,6430.5034,6211.4475
644,6247.677,6218.595
645,6162.0874,6097.46
646,6194.676,6107.896154
647,6230.3,5908.7025
648,6239.726,6223.28
649,6210.6543,6374.754167
650,6271.2246,6466.069167000001
651,6434.279,6626.44
652,6648.784,6593.289167
653,6821.0137,6603.376667
654,6877.884,6555.51
655,6868.815,6594.281667
656,6748.3125,6753.559167
657,6789.9736,6724.04
658,6835.7993,6510.791667
659,6821.7188,6377.363333
660,6753.3945,6403.18
661,6628.1724,6244.3575
662,6489.6724,6241.0
663,6360.289,6248.84
664,6298.6855,6514.3908329999995
665,6395.7925,6869.910833
666,6645.1963,7321.62
667,7021.885,7396.401667
668,7410.3623,7428.045
669,7721.3164,7334.99
670,7779.6953,7451.289167
671,7741.1543,7689.884167
672,7692.766,7715.1
673,7742.7217,8251.165
674,7975.47,8187.324167
675,8300.184,7939.81
676,8426.723,8182.251667
677,8463.885,8206.341667
678,8414.467,8220.91
679,8393.314,7916.800833
680,8327.798,7570.869167
681,8084.9297,7607.7
682,7936.4785,7394.499167
683,7695.3975,7247.769167
684,7423.1504,7011.28
685,7241.2334,6988.079167
686,7101.727,6993.513333
687,7052.9907,6718.23
688,6962.3203,6396.7725
689,6762.0356,6396.494667
690,6598.7446,6138.96
691,6392.529,6311.131667000001
692,6273.0312,6347.07
693,6247.4634,6252.13
694,6305.169,6362.676923
695,6427.6094,6342.629231
696,6506.755,6312.75
697,6508.6313,6436.720832999999
698,6555.0957,6404.063333
699,6529.6787,6486.58
700,6597.0522,6401.2461539999995
701,6626.306,6575.229167
702,6642.0938,6354.57
703,6651.061,6543.645714
704,6647.1494,6719.429231
705,6697.0825,6738.27
706,6817.8643,6719.266154000001
707,6895.1685,7000.04
708,7031.53,7078.19
709,7146.0396,6932.6625
710,7255.3794,6981.946154
711,7201.849,7018.78
712,7209.049,7247.935385
713,7276.9814,7260.9492310000005
714,7346.2676,7265.08
715,7396.224,7113.069231
716,7457.567,6433.271667
717,7256.2383,6501.19
718,6896.8516,6366.1075
719,6570.1143,6286.425833
720,6320.7383,6240.98
721,6219.908,6296.320833
722,6228.589,6273.1375
723,6321.442,6326.04
724,6439.4536,6499.0625
725,6476.8896,6518.655
726,6614.747,6522.39
727,6698.6704,6400.6008329999995
728,6706.0996,6296.631667000001
729,6627.6035,6342.39
730,6544.6724,6418.562667
731,6480.5493,6669.990833
732,6540.6816,6756.12
733,6723.489,6710.445
734,6885.8574,6639.304167
735,6970.7046,6583.45
736,6928.521,6468.631667000001
737,6790.4907,6535.476667
738,6675.0625,6686.08
739,6644.8203,6550.474167
740,6693.145,6593.135
741,6744.6777,6611.02
742,6778.2734,6562.641667
743,6779.9097,6470.4025
744,6735.5625,6483.73
745,6654.191,6568.549167
746,6638.5415,6581.486667
747,6688.712,6573.62
748,6701.3667,6618.5676920000005
749,6750.439,6621.7116670000005
750,6796.4575,6626.85
751,6815.331,6248.635833
752,6701.311,6260.530833
753,6543.0024,6247.0
754,6410.9253,6299.3991670000005
755,6335.0493,6452.571667
756,6365.1855,6599.17
757,6516.1387,6596.276154
758,6699.2534,6568.040769
759,6844.5283,6509.61
760,6804.8867,6488.825833
761,6755.5083,6531.601667
762,6686.198,6504.78
763,6635.987,6481.4259999999995
764,6625.2207,6508.31
765,6646.74,6489.77
766,6655.154,6473.753333
767,6653.093,6465.9175
768,6635.265,6457.21
769,6617.7534,6382.668333
770,6597.5723,6309.452857
771,6540.5557,6301.61
772,6476.11,6342.280833
773,6448.394,6387.674167
774,6456.5845,6390.42
775,6492.181,6391.873333
776,6536.662,6436.965
777,6585.314,6437.76
778,6609.028,6538.79
779,6635.644,6486.251667
780,6657.9424,6444.97
781,6662.11,6399.033332999999
782,6637.4185,6378.268333
783,6585.2246,6408.53
784,6541.085,6372.063333
785,6518.02,6176.155
786,6450.322,5756.77
787,6279.8135,5596.1925
788,5996.0884,5558.243332999999
789,5720.11,5572.44
790,5536.718,5303.9425
791,5405.722,4671.97
792,5175.657,4491.98
793,4860.517,4548.7975
794,4578.0557,4309.3375
795,4319.2046,4352.98
796,4183.221,3823.511667
797,4043.9421,3920.5366670000003
798,3951.9175,3793.35
799,3872.0208,4103.453846
800,3847.5679,4263.783332999999
801,3977.6445,4278.77
802,4219.3105,4116.7775
803,4358.4126,4167.5466670000005
804,4451.9463,4140.6
805,4324.8726,3961.493333
806,4229.7866,3858.3491670000003
807,4033.103,3744.98
808,3916.265,3405.643333
809,3728.61,3435.34
810,3537.9285,3453.66
811,3392.8,3523.96
812,3380.993,3426.19
813,3427.958,3407.28
814,3469.465,3406.7625
815,3504.7375,3278.3741670000004
816,3489.0103,3242.42
817,3375.2107,3271.238333
818,3316.7373,3392.405
819,3324.5332,3556.54
820,3438.3623,3808.0425
821,3626.9417,3982.850833
822,3882.5745,4135.19
823,4144.9624,3910.973333
824,4223.948,4027.478333
825,4212.649,3995.17
826,4151.146,3813.88
827,4047.1602,3825.379167
828,3938.7424,3848.21
829,3887.8809,3743.905
830,3850.2427,3912.285833
831,3887.1982,3770.36
832,3866.7605,3791.5458329999997
833,3896.5176,3752.271667
834,3897.7722,3855.88
835,3879.6572,3865.7975
836,3907.0867,3822.626667
837,3935.9233,3856.62
838,3931.4583,3920.4566670000004
839,3996.2468,4036.093333
840,4033.5513,4032.25
841,4100.1646,4034.138333
842,4135.2017,3812.5858329999996
843,4120.7905,3646.25
844,3991.5886,3646.345833
845,3814.9368,3599.841667
846,3669.6843,3531.96
847,3569.7075,3656.785
848,3570.914,3621.270833
849,3621.2036,3621.43
850,3697.373,3632.395
851,3728.9016,3690.5233329999996
852,3744.0789,3703.98
853,3781.3674,3548.4275
854,3759.1519,3540.02
855,3688.6577,3587.35
856,3666.307,3566.4
857,3633.3489,3586.25
858,3626.1067,3577.79
859,3636.075,3576.3
860,3664.7473,3554.5
861,3683.0308,3448.58
862,3624.509,3421.6
863,3558.6433,3470.0
864,3522.5251,3444.81
865,3496.9849,3475.33
866,3506.135,3506.22
867,3537.88,3456.02
868,3566.9846,3452.35
869,3578.028,3467.34
870,3558.086,3405.7
871,3527.409,3394.76
872,3504.315,3661.08
873,3542.3982,3664.38
874,3640.7515,3686.29
875,3751.0361,3629.47
876,3799.3328,3632.42
877,3805.028,3614.5
878,3777.8867,3600.31
879,3709.7112,3608.2
880,3651.5066,3619.55
881,3682.885,3670.74
882,3704.9126,3910.8
883,3807.2808,3926.53
884,3926.965,3987.18
885,4052.1016,3944.88
886,4120.5454,3983.48
887,4138.616,4139.6
888,4164.1167,3766.89
889,4093.0715,3848.33
890,3991.7441,3831.45
891,3945.097,3833.23
892,3889.882,3850.08
893,3881.921,3834.62
894,3881.5342,3831.44
895,3907.2158,3814.58
896,3962.7957,3730.98
897,3883.6409,3872.25
898,3889.8042,3876.85
899,3910.431,3886.82
900,3947.6177,3875.96
901,3983.4272,3950.56
902,4018.3572,3928.17
903,4044.515,3881.09
904,4038.275,3892.51
905,3993.9849,3877.77
906,3993.32,3885.21
907,3976.696,3936.5
908,3981.5457,4015.95
909,4017.0432,3994.92
910,4081.652,3998.77
911,4119.454,4029.11
912,4134.807,4056.4
913,4153.422,3992.34
914,4141.0034,3999.06
915,4116.104,4011.92
916,4102.8403,3994.11
917,4103.026,3935.89
918,4073.7048,3947.74
919,4046.326,4048.51
920,4060.9048,4037.37
921,4100.9126,4115.55
922,4145.255,4114.44
923,4201.0796,4114.16
924,4243.823,4152.53
925,4266.9956,4882.88
926,4453.019,4959.81
927,4755.1963,4911.24
928,5042.725,5028.77
929,5207.9307,5053.52
930,5295.8022,5189.39
931,5301.013,5268.71
932,5280.839,5175.81
933,5231.9287,5310.18
934,5417.1406,5035.02
935,5388.043,5072.85
936,5279.419,5064.62
937,5203.1807,5152.51
938,5160.48,5036.18
939,5161.553,5196.65
940,5213.6553,5220.37
941,5268.559,5276.31
942,5385.2266,5277.04
943,5402.397,5309.28
944,5446.6445,5281.83
945,5454.4893,5377.19
946,5487.799,5518.16
947,5509.4517,5434.19
948,5584.0503,5195.61
949,5548.986,5292.83
950,5487.5215,5280.19
951,5416.622,5301.29
952,5379.2207,5260.65
953,5348.709,5269.79
954,5362.842,5326.67
955,5425.6323,5390.16
956,5479.3926,5657.14
957,5553.695,5771.08
958,5741.6445,5717.66
959,5885.5947,5684.47
960,5958.692,5755.72
961,5958.034,5936.72
962,5975.843,6146.91
963,6067.827,6348.02
964,6234.636,7248.31
965,6700.8306,6978.63
966,7132.157,7823.11
967,7562.6104,7992.69
968,7933.923,8206.9
969,8231.502,7885.96
970,8340.623,7362.22
971,8144.9277,7265.05
972,7756.913,8193.7
973,7802.656,8007.03
974,7746.5225,7952.5
975,8024.78,7625.93
976,8119.066,7880.29
977,8200.72,8003.26
978,8188.714,8071.45
979,8096.436,8744.42
980,8248.14,8770.06
981,8782.354,8719.88
982,9056.684,8662.98
983,9169.519,8272.46
984,8934.123,8553.81
985,8786.988,8554.8
986,8654.319,8739.03
987,8621.318,8134.92
988,8665.688,7675.8
989,8430.297,7786.04
990,8128.1064,7803.23
991,7895.8496,7998.29
992,7767.9253,7931.34
993,7873.3823,7640.61
994,7946.585,8020.38
995,8120.002,7917.58
996,8150.5596,8173.06
997,8160.631,8237.88
998,8298.54,8693.6
999,8536.765,8859.47
1000,8886.826,8978.99
1001,9159.996,9327.48
1002,9325.478,9076.18
1003,9536.564,9281.7
1004,9530.842,9531.35
1005,9621.574,10209.38
1006,9832.15,10668.63
1007,10346.346,10814.48
1008,10836.845,11017.5
1009,11233.17,11766.4
1010,11731.05,12932.55
1011,12222.758,11132.85
1012,12365.907,12374.35
1013,12414.21,11890.38
1014,12466.926,10737.73
1015,12076.677,10578.72
1016,11381.195,10805.4
1017,10801.218,11984.76
1018,10913.001,11160.49
1019,11368.668,10955.16
1020,11300.042,11232.04
1021,11625.128,11477.01
1022,11773.081,12313.08
1023,11873.189,12586.78
1024,12239.679,12099.9
1025,12564.205,11352.87
1026,12779.031,11803.97
1027,12371.724,11389.1
1028,11907.831,10186.96
1029,11268.989,10873.5
1030,10762.709,9397.72
1031,10269.259,9674.28
1032,9838.347,10638.56
1033,9797.585,10535.75
1034,10024.774,10764.9
1035,10600.56,10587.41
1036,11047.649,10323.62
1037,10990.038,9844.3
1038,10940.906,9772.17
1039,10231.771,9875.17
1040,9882.903,9848.65
1041,9863.456,9473.99
1042,9748.786,9530.0
1043,9736.228,9501.33
1044,9719.45,9589.13
1045,9729.753,10084.7
1046,9838.236,10407.17
1047,10164.3955,10529.55
1048,10595.397,10814.57
1049,11000.49,10980.23
1050,11213.81,11787.99
1051,11582.007,11465.67
1052,11803.832,11960.82
1053,12002.849,11996.41
1054,12271.863,11856.64
1055,12375.865,11282.22
1056,12158.353,11566.84
1057,11917.809,11386.26
1058,11656.876,10858.12
1059,11489.936,10016.96
1060,10912.836,10302.17
1061,10515.334,10359.44
1062,10281.162,10214.52
1063,10202.961,10317.6
1064,10198.167,10917.26
1065,10562.902,10760.56
1066,10964.563,10129.4
1067,11023.968,10111.98
1068,10697.398,10405.81
1069,10575.811,10143.8
1070,10441.134,10135.06
1071,10295.104,10360.28
1072,10304.69,10171.95
1073,10474.827,9717.82
1074,10416.609,9484.55
1075,10068.608,9577.99
1076,9791.02,9600.9
1077,9687.095,9769.79
1078,9660.195,10386.64
1079,9936.101,10621.29
1080,10462.884,10584.16
1081,10902.851,10577.8
1082,11070.97,10317.47
1083,10987.367,10487.21
1084,10865.144,10406.31
1085,10683.442,10313.66
1086,10530.484,10101.03
1087,10480.098,10159.32
1088,10417.011,10420.16
1089,10429.246,10363.9
1090,10513.489,10361.33
1091,10553.161,10310.43
1092,10640.473,10265.63
1093,10641.881,10190.36
1094,10576.655,10157.59
1095,10441.02,10275.88
1096,10392.379,10173.11
1097,10424.079,9979.49
1098,10369.309,10033.05
1099,10311.743,9683.38
1100,10168.901,8553.61
1101,9702.244,8432.23
1102,9066.079,8055.64
1103,8417.207,8193.9
1104,8002.061,8225.0
1105,7858.799,8056.74
1106,7897.8145,8307.74
1107,8146.2783,8322.92
1108,8440.426,8382.03
1109,8529.369,8236.17
1110,8594.89,8155.48
1111,8494.073,8147.69
1112,8437.041,7869.74
1113,8294.595,8212.02
1114,8177.8076,8190.0
1115,8229.521,8587.92
1116,8410.649,8586.9
1117,8668.954,8269.73
1118,8763.079,8308.01
1119,8734.19,8283.76
1120,8641.823,8353.54
1121,8473.493,8162.16
1122,8425.899,8002.51
1123,8286.93,8076.78
1124,8268.483,7954.15
1125,8215.488,7960.04
1126,8112.2046,8231.06
1127,8161.0537,8222.52
1128,8275.9,8026.76
1129,8372.252,7469.56
1130,8207.698,7431.88
1131,7899.9497,8666.79
1132,7967.436,9259.8
1133,8427.528,9551.54
1134,9129.537,9218.76
1135,9747.256,9433.35
1136,10063.832,9164.62
1137,9986.597,9147.98
1138,9532.091,9252.99
1139,9195.063,9301.18
1140,9326.781,9206.16
1141,9403.123,9418.05
1142,9534.06,9310.19
1143,9544.255,9343.34
1144,9630.76,9204.24
1145,9561.735,8766.04
1146,9370.769,8809.41
1147,9156.785,9037.12
1148,9040.74,8717.81
1149,8930.063,8801.52
1150,8932.808,8762.42
1151,8931.695,8632.32
1152,8940.333,8457.69
1153,8864.052,8482.7
1154,8689.854,8503.93
1155,8618.152,8175.99
1156,8564.972,8120.8
1157,8395.102,8081.81
1158,8291.689,7617.07
1159,8099.9556,7286.35
1160,7787.6675,7324.03
1161,7478.2188,6907.4
1162,7195.587,7130.25
1163,7051.709,7163.63
1164,7017.3916,7523.83
1165,7214.9966,7431.0
1166,7503.352,7757.47
1167,7760.5376,7557.72
1168,7889.4556,7402.69
1169,7920.604,7309.59
1170,7693.142,7296.77
1171,7554.105,7192.85
1172,7380.151,7395.97
1173,7380.812,7547.19
1174,7436.9717,7504.83
1175,7632.2783,7522.39
1176,7738.2876,7337.42
1177,7732.6885,7220.76
1178,7621.682,7202.31
1179,7477.175,7189.16
1180,7320.31,7251.87
1181,7291.9766,7067.74
1182,7285.9175,7111.14
1183,7271.3755,6879.54
1184,7222.976,6612.12
1185,7042.254,7284.29
1186,7014.1865,7150.86
1187,7110.5513,7190.17
1188,7256.609,7143.2
1189,7394.55,7514.41
1190,7521.6255,7322.08
1191,7634.855,7250.69
1192,7585.1167,7192.72
1193,7414.0576,7194.4
1194,7457.4316,7243.93
1195,7380.189,7301.07
1196,7372.0747,7385.36
1197,7401.382,7219.6
1198,7510.052,7168.31
1199,7475.988,7175.68
1200,7414.959,6944.33
1201,7287.3975,7326.35
1202,7254.427,7347.89
1203,7325.7275,7351.57
1204,7446.5845,7759.24
1205,7680.0264,8165.47
1206,7983.0894,8042.65
1207,8254.422,7817.92
1208,8353.59,8184.66
1209,8305.123,8021.49
1210,8353.983,8173.97
1211,8315.565,8105.24
1212,8251.979,8842.42
1213,8488.105,8813.89
1214,8855.515,8722.03
1215,9055.347,8900.34
1216,9118.058,8910.85
1217,9256.366,8703.36
1218,9145.065,8626.47
1219,9009.917,8722.26
1220,8824.782,8658.94
1221,8874.322,8388.11
1222,8769.208,8428.17
1223,8639.557,8327.36
1224,8571.421,8588.42
1225,8588.866,8895.78
1226,8719.373,9385.69
1227,9058.214,9279.81
1228,9452.55,9502.37
1229,9762.134,9333.77
1230,9823.845,9378.09
1231,9802.879,9314.56
1232,9638.574,9162.14
1233,9499.175,9162.14
1234,9383.566,9614.9
1235,9492.3955,9755.66
1236,9650.437,9807.54
1237,9930.9,9907.12
1238,10121.649,10162.41
1239,10337.767,9854.79
1240,10389.508,10275.38
1241,10385.818,10354.3
1242,10422.161,10242.43
1243,10554.365,10368.53
1244,10622.067,9904.17
1245,10524.826,9937.67
1246,10356.813,9703.93
1247,10172.998,10180.65
1248,10015.666,9604.72
1249,9991.496,9606.86
1250,9925.122,9696.58
1251,9865.577,9669.63
1252,9891.899,9989.39
1253,9920.241,9663.75
1254,9990.31,9309.15
1255,9863.626,8785.52
1256,9662.063,8804.72
1257,9201.821,8712.35
1258,8857.965,8534.17
1259,8627.124,8912.82
1260,8611.906,8912.82
1261,8840.121,8754.34
1262,9017.158,8758.9
1263,9097.395,9067.39
1264,9116.099,9155.89
1265,9245.28,8898.63
1266,9279.401,8039.38
1267,8976.713,7931.94
1268,8610.417,7885.46
1269,8182.9473,7936.65
1270,7861.997,4830.21
1271,6925.5264,5609.03
1272,5916.607,5166.26
1273,5059.6616,5348.44
1274,4585.7427,5026.35
1275,4396.1733,5357.61
1276,4549.0605,5410.23
1277,4968.865,6195.2
1278,5704.4697,6226.44
1279,5956.215,6189.85
1280,6469.004,5822.62
1281,6439.0166,6502.16
1282,6530.5044,6768.49
1283,6520.873,6698.46
1284,6714.786,6763.75
1285,6798.7783,6369.09
1286,6965.751,6260.95
1287,6810.389,5885.41
1288,6470.344,6405.29
1289,6146.2646,6428.28
1290,6221.692,6652.87
1291,6446.6816,6809.11
1292,6738.936,6741.67
1293,7020.394,6871.69
1294,7119.2,6777.44
1295,7127.973,7343.2
1296,7097.2456,7205.55
1297,7321.819,7365.03
1298,7443.341,7293.69
1299,7563.995,6873.24
1300,7502.779,6891.6
1301,7278.736,6915.37
1302,7094.898,6857.66
1303,6907.6294,6871.95
1304,6938.456,6623.8
1305,6868.9404,7112.27
1306,6975.316,7034.89
1307,7123.2554,7259.36
1308,7234.8696,7130.04
1309,7362.6924,6840.24
1310,7352.9443,6852.52
1311,7224.843,7130.99
1312,7156.5376,7477.6
1313,7176.6826,7507.08
1314,7465.6235,7549.52
1315,7672.0854,7699.27
1316,7920.62,7790.66
1317,8045.8184,7765.33
1318,8013.657,8777.63
1319,8231.43,8628.77
1320,8592.423,8824.66
1321,8977.116,8973.82
1322,9209.116,8903.95
1323,9294.878,8885.93
1324,9281.9375,9030.96
1325,9211.083,9170.79
1326,9130.414,10002.48
1327,9598.499,9821.8
1328,9890.66,9527.39
1329,10091.248,8754.46
1330,9913.903,8617.25
1331,9424.631,8814.53
1332,8960.889,9305.93
1333,8823.15,9790.31
1334,9080.779,9303.59
1335,9567.132,9385.7
1336,9859.91,9669.4
1337,10028.9375,9719.37
1338,9946.713,9785.74
1339,9910.072,9510.67
1340,9868.522,9057.57
1341,9748.886,9167.26
1342,9610.27,9178.32
1343,9323.166,8730.73
1344,9086.1875,8899.66
1345,8978.045,8842.85
1346,8939.866,9197.54
1347,9081.41,9569.21
1348,9358.693,9425.98
1349,9571.881,9698.1
1350,9860.956,9450.84
1351,10004.568,10204.23
1352,10067.3545,9525.57
1353,10104.8545,9658.04
1354,9987.238,9794.56
1355,9976.888,9623.75
1356,9978.171,9670.43
1357,9880.958,9753.85
1358,9910.64,9782.59
1359,9877.219,9775.15
1360,10079.301,9892.13
1361,10038.02,9286.42
1362,9949.123,9459.97
1363,9821.622,9473.5
1364,9657.62,9330.07
1365,9549.248,9426.7
1366,9522.822,9526.0
1367,9581.301,9454.81
1368,9664.798,9380.03
1369,9750.243,9300.15
1370,9617.258,9357.43
1371,9593.57,9284.78
1372,9550.772,9691.9
1373,9587.923,9621.49
1374,9727.518,9276.58
1375,9784.418,9240.85
1376,9706.362,9154.45
1377,9549.498,9004.23
1378,9343.116,9127.47
1379,9220.126,9185.35
1380,9173.025,9133.97
1381,9291.603,9236.38
1382,9402.778,9087.98
1383,9404.405,9072.42
1384,9392.389,9131.31
1385,9359.061,9089.09
1386,9296.809,9348.91
1387,9363.32,9256.23
1388,9452.24,9440.07
1389,9552.906,9238.04
1390,9628.564,9287.4
1391,9598.374,9235.96
1392,9540.2705,9295.9
1393,9501.556,9238.13
1394,9444.279,9254.52
1395,9472.044,9193.51
1396,9437.976,9131.0
1397,9442.2,9154.19
1398,9374.739,9174.71
1399,9363.374,9214.66
1400,9365.981,9163.87
1401,9396.493,9392.66
1402,9462.002,9537.4
1403,9603.734,9613.11
1404,9754.71,9551.28
1405,9849.754,9707.5
1406,9932.579,9938.83
1407,10041.356,11042.4
1408,10436.842,10934.94
1409,10880.594,11102.67
1410,11331.553,11114.93
1411,11603.617,11343.88
1412,11724.884,11823.69
1413,11799.682,11077.77
1414,11723.941,11242.57
1415,11565.105,11194.25
1416,11634.456,11750.28
1417,11621.906,11772.94
1418,11780.651,11605.6
1419,11897.211,11767.6
1420,12047.388,11684.06
1421,12220.762,11893.03
1422,12104.523,11392.43
1423,12000.609,11573.11
1424,11826.461,11777.43
1425,11887.8125,11774.38
1426,11949.36,11873.98
1427,12014.438,11914.01
1428,12158.841,12293.72
1429,12337.748,11969.53
1430,12505.662,11734.0
1431,12337.664,11865.82
1432,12228.565,11522.8
1433,12062.842,11683.44
1434,11894.429,11653.02
1435,11815.678,11763.93
1436,11831.538,11337.4
1437,11882.087,11467.37
1438,11802.333,11302.01
1439,11670.593,11534.75
1440,11671.329,11481.64
1441,11632.905,11707.78
1442,11765.872,11659.57
1443,11900.802,11923.25
1444,12110.569,11397.44
1445,12041.382,10187.51
1446,11620.927,10467.89
1447,11001.684,10159.62
1448,10483.272,10254.93
1449,10126.0205,10367.74
1450,10087.463,10121.52
1451,10170.068,10227.83
1452,10397.278,10352.66
1453,10577.211,10395.44
1454,10522.361,10446.44
1455,10668.093,10330.77
1456,10658.487,10674.64
1457,10757.872,10785.62
1458,10925.216,10948.43
1459,11042.634,10943.89
1460,11197.922,10931.79
1461,11303.13,11081.43
1462,11362.204,10919.65
1463,11347.181,10430.46
1464,11103.49,10532.22
1465,10911.489,10234.48
1466,10655.18,10732.43
1467,10592.489,10692.84
1468,10663.16,10732.4
1469,10818.202,10774.24
1470,11032.139,10692.33
1471,11133.936,10840.8
1472,11092.604,10777.92
1473,11107.429,10619.24
1474,10960.478,10575.06
1475,10950.65,10551.77
1476,10851.497,10673.46
1477,10817.868,10788.56
1478,10871.917,10603.74
1479,10896.214,10670.8
1480,10960.013,10923.3
1481,11045.78,11063.19
1482,11157.777,11302.67
1483,11345.201,11376.61
1484,11542.743,11540.04
1485,11763.004,11428.24
1486,11898.276,11431.32
1487,11849.449,11503.73
1488,11796.452,11327.57
1489,11737.955,11366.51
1490,11655.409,11508.2
1491,11662.715,11758.16
1492,11763.835,11925.46
1493,11991.712,12831.56
1494,12411.894,12990.25
1495,12948.201,12944.52
1496,13388.754,13128.46
1497,13581.816,13036.77
1498,13611.774,13076.37
1499,13533.448,13651.47
1500,13574.419,13289.0
1501,13574.727,13458.66
1502,13790.84,13564.72
1503,13889.387,13810.32
1504,13981.323,13758.88
1505,14110.986,13575.17
1506,14085.241,14023.31
1507,14120.169,14155.59
1508,14369.979,15591.39
1509,14808.591,15595.77
1510,15489.03,14839.84
1511,15846.146,15490.6
1512,16059.407,15328.53
1513,16007.656,15317.04
1514,15768.442,15708.65
1515,15758.189,16295.57
1516,15909.396,16339.33
1517,16548.666,16091.07
1518,16838.75,15968.16
1519,16670.846,16725.15
1520,16862.713,17679.72
1521,17190.219,17798.45
1522,17672.242,17820.57
1523,18196.266,18687.45
1524,18841.207,18699.75
1525,19258.26,18422.28
1526,19275.2,18398.91
1527,19040.887,19172.52
1528,19148.357,18739.8
1529,19338.916,17151.44
1530,18894.137,17138.87
1531,18147.168,17732.42
1532,17792.738,18191.6
1533,17761.676,19709.73
1534,18384.86,18792.52
1535,19123.426,19226.97
1536,19950.08,19454.54
1537,20377.326,18670.49
1538,19912.129,19155.06
1539,19570.473,19377.66
1540,19488.787,19181.41
1541,19469.783,18318.87
1542,19555.654,18554.15
1543,19128.537,18247.76
1544,18882.146,18029.36
1545,18642.062,18803.44
1546,18480.963,19164.48
1547,18861.607,19276.59
1548,19426.186,19439.75
1549,19924.018,21379.48
1550,20573.793,22847.46
1551,21881.447,23150.79
1552,23067.025,23869.92
1553,23983.107,23490.58
1554,24704.2,22745.48
1555,24591.822,23824.99
1556,24196.158,23253.37
1557,23671.62,23715.53
1558,23825.785,24693.58
1559,24346.97,26443.21
1560,25336.059,26246.58
1561,26596.377,27036.69
1562,27521.146,27376.37
1563,27960.38,28856.59
1564,28932.576,28982.56
1565,29293.982,29393.75
1566,29744.492,32195.46
1567,30863.447,33000.78
1568,32630.898,32035.03
1569,33370.43,34046.67
1570,34235.53,36860.41
1571,35422.027,39486.04
1572,37705.426,40670.25
1573,39719.188,40240.72
1574,41082.695,38240.09
1575,42024.62,35544.94
1576,40567.1,34011.82
1577,37311.203,37393.13
1578,35708.57,39158.47
1579,36077.79,36828.52
1580,37182.094,36065.2
1581,38017.01,35793.01
1582,38181.613,36632.35
1583,37834.32,36020.13
1584,36934.81,35538.98
1585,35954.086,30797.88
1586,34948.14,33002.38
1587,33924.562,32099.74
1588,32616.879,32276.84
1589,31918.729,32243.26
1590,31836.695,32541.8
1591,32453.691,30419.17
1592,32580.639,33403.17
1593,33119.285,34314.26
1594,33166.977,34318.1
1595,34572.07,33136.46
1596,34976.28,33522.9
1597,35095.742,35529.66
1598,35413.98,37676.25
1599,36533.52,37002.09
1600,36924.535,38278.61
1601,38674.05,39323.26
1602,40037.926,38928.1
1603,40702.56,46364.3
1604,42237.312,46589.58
1605,44711.023,44878.17
1606,46944.957,48013.38
1607,48933.195,47471.4
1608,49153.645,47185.19
1609,49189.727,48720.37
1610,49046.2,47951.85
1611,48219.31,49160.1
1612,50021.87,52118.23
1613,51204.355,51608.15
1614,51897.99,55916.5
1615,54604.977,56001.2
1616,56593.355,57487.86
1617,58203.996,54123.4
1618,58784.33,48880.43
1619,56079.293,50624.84
1620,53117.277,46800.42
1621,50143.36,46340.31
1622,46913.96,46155.87
1623,45563.02,45113.92
1624,44836.09,49618.43
1625,46375.004,48356.04
1626,48306.863,50477.7
1627,49819.082,48448.91
1628,51514.324,48861.38
1629,51269.69,48881.59
1630,50849.383,51169.7
1631,50842.734,52299.33
1632,51166.555,54881.52
1633,53856.65,55997.23
1634,55807.5,57764.0
1635,58574.9,57253.28
1636,59434.21,61258.73
1637,60815.086,59133.47
1638,61253.137,55754.72
1639,60751.895,56872.38
1640,59279.36,58913.0
1641,58820.414,57665.9
1642,58516.008,58075.1
1643,58805.613,58085.8
1644,58893.973,57411.17
1645,59861.3,54204.96
1646,58800.98,54477.46
1647,56587.797,52508.23
1648,54801.652,51415.92
1649,53349.99,55074.47
1650,52901.08,55863.93
1651,54142.28,55783.71
1652,56042.41,57627.67
1653,58169.047,58730.13
1654,59526.9,58735.25
1655,60876.418,58736.92
1656,60877.68,59031.32
1657,60346.65,57076.49
1658,60376.99,58206.55
1659,59764.5,59054.1
1660,59326.32,58020.46
1661,59454.754,55947.27
1662,59046.15,58048.59
1663,58733.277,58102.58
1664,58808.41,59774.0
1665,59652.23,59964.87
1666,60307.492,59834.74
1667,61394.15,63554.44
1668,63175.312,62969.12
1669,64467.152,63252.63
1670,64774.035,61455.98
1671,65057.203,60087.09
1672,63850.496,56251.48
1673,61624.2,55703.14
1674,58605.297,56507.91
1675,56238.63,53808.8
1676,55130.176,51731.71
1677,53676.656,51153.13
1678,52544.973,50110.53
1679,51397.105,49075.58
1680,50395.83,54056.64
1681,50635.6,55071.46
1682,52702.65,54884.1
1683,55525.08,53584.15
1684,56830.85,57796.62
1685,57872.44,57857.5
1686,58916.95,56610.46
1687,58957.992,57213.33
1688,58307.363,53241.72
1689,58111.793,57473.23
1690,57605.742,56428.16
1691,57218.926,57380.27
1692,56997.414,58928.81
1693,58754.258,58280.73
1694,59991.137,55883.5
1695,59828.895,56750.0
1696,59409.08,49007.09
1697,55673.14,49702.27
1698,52876.72,49922.52
1699,49964.348,46736.58
1700,47794.793,46441.64
1701,46554.08,43596.24
1702,45309.0,42912.19
1703,43951.977,36964.27
1704,41806.004,40784.32
1705,39293.766,37280.35
1706,37743.95,37528.3
1707,37064.58,34754.54
1708,36063.29,38728.59
1709,36433.207,38410.5
1710,37455.11,39266.04
1711,39111.414,38445.29
1712,39279.01,35689.62
1713,39815.926,34647.67
1714,37995.957,35684.59
1715,36614.535,37310.54
1716,35471.54,36662.64
1717,36330.875,37585.24
1718,37269.348,39188.59
1719,38961.848,36885.51
1720,39761.684,35530.38
1721,38765.555,35816.17
1722,37346.32,33514.87
1723,35865.582,33450.19
1724,34605.746,37338.36
1725,34475.4,36704.57
1726,35625.19,37313.18
1727,37514.543,35494.9
1728,38110.2,39066.82
1729,38738.973,40525.8
1730,40107.95,40188.56
1731,40567.67,38324.87
1732,40502.996,38068.04
1733,40901.676,35729.82
1734,39302.375,35524.17
1735,37539.273,35592.35
1736,35511.758,31686.55
1737,34172.613,32447.59
1738,32983.93,33674.66
1739,32613.807,34639.38
1740,33104.27,31640.58
1741,33514.688,32160.91
1742,33303.996,34644.45
1743,33843.215,34456.67
1744,34834.387,35847.7
1745,35179.035,35047.36
1746,36017.242,33536.88
1747,36298.44,33856.86
1748,36108.91,34688.98
1749,34940.06,35309.3
1750,34796.344,33747.97
1751,35136.566,34211.01
1752,35043.11,33839.04
1753,35206.926,32877.41
1754,34717.105,33818.52
1755,34073.168,33515.57
1756,33895.5,34227.64
1757,34252.0,33158.25
1758,34578.18,32686.56
1759,34167.418,32814.61
1760,33934.402,31738.59
1761,33331.38,31421.25
1762,32434.775,31520.66
1763,32048.566,31783.49
1764,31857.729,30815.94
1765,31900.193,29790.24
1766,31394.512,32118.06
1767,31419.947,32297.89
1768,32065.67,33581.63
1769,32981.73,34279.34
1770,34192.06,35365.2
1771,35567.34,37318.14
1772,37195.39,39405.95
1773,38670.227,40002.53
1774,39711.363,40005.93
1775,41354.195,42214.15
1776,42200.832,41659.06
1777,42957.82,40000.46
1778,42615.914,39193.94
1779,41604.344,38138.0
1780,40364.887,39750.14
1781,39709.637,40882.0
1782,39793.723,42825.95
1783,40940.957,44634.13
1784,43559.652,43816.14
1785,45557.414,46333.46
1786,46915.95,45608.37
1787,47540.766,45611.46
1788,47192.645,44417.78
1789,46838.734,47833.98
1790,46921.03,47112.19
1791,47582.133,47056.41
1792,48332.418,45982.55
1793,48017.39,44648.57
1794,47776.758,44777.86
1795,46649.707,46734.65
1796,46237.93,49327.75
1797,46831.82,48932.02
1798,49048.77,49335.68
1799,50588.324,49523.5
1800,51669.477,47744.58
1801,51331.473,48972.09
1802,50328.86,46962.8
1803,49085.277,49056.86
1804,48800.496,48897.65
1805,49335.086,48806.78
1806,49644.55,47074.77
1807,49628.688,47155.87
1808,49270.37,48862.76
1809,48832.348,49329.01
1810,49455.64,50035.33
1811,49844.793,49947.38
1812,51081.055,51769.06
1813,52222.35,52677.4
1814,53458.96,46809.17
1815,52379.734,46078.38
